root_id,name,sector,subsector,exchange,country,exchange_code,bbg_root,bbg_yellow_key,bbg_verified,currency,contract_size,size_unit,quote_unit,price_scale,multiplier,active_months,calendar,delivery,status,notes
DCE:I,DCE iron ore,ferrous,iron_ore,DCE,CN,I,IOE,Comdty,false,CNY,100,t,CNY/t,1,100,"1,5,9",CN,physical,active,"Physically delivered; priced per DRY tonne, VAT-inclusive. Standard grade 61% Fe with exchange brand premia/discounts, so it prices the cheapest-to-deliver brand. Internationalised May 2018. bbg_root IOE is a best guess from memory."
DCE:J,DCE coke,ferrous,coke,DCE,CN,J,KEE,Comdty,false,CNY,100,t,CNY/t,1,100,"1,5,9",CN,physical,active,"Metallurgical coke, physically delivered. Open interest has shrunk a lot since 2021 (tens of thousands of lots); still the only coke future anywhere. bbg_root KEE best guess. foreign_access confidence: low (not on the QFI list as far as I know)."
DCE:JM,DCE coking coal,ferrous,coking_coal,DCE,CN,JM,DCJ,Comdty,false,CNY,60,t,CNY/t,1,60,"1,5,9",CN,physical,active,"Hard coking coal, 60 t lot. Very liquid since 2025. bbg_root DCJ best guess, confidence: low. foreign_access confidence: low."
SHFE:RB,SHFE rebar,ferrous,rebar,SHFE,CN,RB,RBT,Comdty,true,CNY,10,t,CNY/t,1,10,"1,5,10",CN,physical,active,RBT1 confirmed by the legacy code. Main cycle Jan/May/Oct. On the 2022 QFI product list (from memory; confidence: low).
SHFE:HC,SHFE hot-rolled coil,ferrous,hrc,SHFE,CN,HC,ROC,Comdty,true,CNY,10,t,CNY/t,1,10,"1,5,10",CN,physical,active,ROC1 confirmed by the legacy code. Main cycle Jan/May/Oct. On the 2022 QFI product list (from memory; confidence: low).
SHFE:WR,SHFE wire rod,ferrous,wire_rod,SHFE,CN,WR,ZZWR,Comdty,false,CNY,10,t,CNY/t,1,10,,CN,physical,illiquid,"Dead: listed but open interest is near zero and has been for years. No spread uses it. bbg_root is a PLACEHOLDER (ZZ prefix = unknown, look up on the terminal)."
SHFE:SS,SHFE stainless steel,ferrous,stainless,SHFE,CN,SS,ZZSS,Comdty,false,CNY,5,t,CNY/t,1,5,,CN,physical,active,"304 cold-rolled 2B coil, 5 t lot. No Jan/May/Sep cycle: the main contract is the one 1-2 months out and rolls every month. bbg_root is a PLACEHOLDER. foreign_access confidence: low."
ZCE:SF,ZCE ferrosilicon,ferrous,ferrosilicon,ZCE,CN,SF,ZZSF,Comdty,false,CNY,5,t,CNY/t,1,5,"1,5,9",CN,physical,active,"FeSi 72-75%, 5 t lot. active_months 1/5/9 is confidence: low - ZCE ferroalloy liquidity has at times sat in other months; check open interest by month in verify_tickers. bbg_root is a PLACEHOLDER."
ZCE:SM,ZCE manganese silicon,ferrous,manganese_silicon,ZCE,CN,SM,ZZSM,Comdty,false,CNY,5,t,CNY/t,1,5,"1,5,9",CN,physical,active,"SiMn 6517, 5 t lot. active_months 1/5/9 confidence: low (see ZCE:SF). bbg_root is a PLACEHOLDER."
SGX:FEF,SGX iron ore CFR China 62% Fe fines (TSI/Platts IODEX),ferrous,iron_ore,SGX,SG,FEF,SCO,Comdty,false,USD,100,t,USD/t,1,100,,SG,cash,active,Cash settled on the monthly average of Platts IODEX; USD per DRY tonne; front contract is the current averaging month. STRUCTURAL BREAK: contracts from Jan-26 onward settle on the re-specified 61% Fe IODEX (effective 2 Jan 2026; SGX made a one-time price adjustment at the close of 29 Aug 2025). Adjust or truncate history across it. bbg_root SCO best guess.
SGX:M65F,SGX iron ore CFR China 65% Fe Brazilian fines (Fastmarkets MB),ferrous,iron_ore,SGX,SG,M65F,ZZ65,Comdty,false,USD,100,t,USD/t,1,100,,SG,cash,active,Cash settled on the monthly average of the Fastmarkets MB 65% index. Liquidity modest and concentrated in the first 3-4 months. Depth 7 (was 4) because bench.ore.dce_vs_sgx65 anchors to the DCE:I main month. bbg_root is a PLACEHOLDER.
SGX:M58F,SGX iron ore CFR China 58% Fe fines (Fastmarkets MB),ferrous,iron_ore,SGX,SG,M58F,ZZ58,Comdty,false,USD,100,t,USD/t,1,100,,SG,cash,illiquid,Little or no open interest. Exchange code and status confidence: low. Promote to active only if verify_tickers shows real open interest. bbg_root is a PLACEHOLDER.
CME:TIO,CME iron ore 62% Fe CFR China (TSI/Platts),ferrous,iron_ore,CME,US,TIO,TIO,Comdty,false,USD,500,t,USD/t,1,500,,US,cash,active,"Same index as SGX:FEF (so presumably the same 61% re-specification from 2026), 500 t lot. Thin next to SGX. Depth 7 (was 3) because bench.ore.dce_vs_cme anchors to the DCE:I main month. bbg_root TIO best guess."
HKEX:FEM,HKEX iron ore 62% Fe CFR China monthly futures,ferrous,iron_ore,HKEX,HK,FEM,ZZHKFE,Comdty,false,USD,100,t,USD/t,1,100,,HK,cash,illiquid,Launched 2017; effectively dead. Row kept for completeness; no spread uses it. Code confidence: low. bbg_root is a PLACEHOLDER.
SGX:ACF,SGX premium hard coking coal FOB Australia (TSI/Platts),ferrous,coking_coal,SGX,SG,ACF,ZZACF,Comdty,false,USD,1000,t,USD/t,1,1000,,SG,cash,active,Cash settled on the monthly average of Platts premium low-vol FOB Australia. Thin. contract_size 1000 t and exchange code ACF are confidence: low. bbg_root is a PLACEHOLDER.
SGX:CCF,SGX premium coking coal CFR China (TSI/Platts),ferrous,coking_coal,SGX,SG,CCF,ZZCCF,Comdty,false,USD,1000,t,USD/t,1,1000,,SG,cash,illiquid,Dormant. No spread uses it. contract_size and code confidence: low. bbg_root is a PLACEHOLDER.
CME:HRC,CME US Midwest hot-rolled coil (CRU),ferrous,hrc,CME,US,HRC,HRC,Comdty,true,USD,20,st,USD/st,1,20,,US,cash,active,HRC1 confirmed by the legacy code. Cash settled on the CRU monthly average; USD per short ton.
CME:BUS,CME Chicago No.1 busheling ferrous scrap (Fastmarkets),ferrous,steel_scrap,CME,US,BUS,BUS,Comdty,false,USD,20,lt,USD/lt,1,20,,US,cash,active,Quoted per GROSS (long) ton of 2240 lb; 20 gross tons per lot. Cash settled on the monthly Fastmarkets index. Thin; liquidity in the first 3 months. bbg_root BUS best guess.
CME:FSF,CME HMS 80:20 steel scrap CFR Turkey (Platts),ferrous,steel_scrap,CME,US,FSF,FSF,Comdty,false,USD,10,t,USD/t,1,10,,US,cash,illiquid,"Same index as LME:SC, which has the liquidity. No spread uses it. Code confidence: low."
CME:EHR,CME North European hot-rolled coil (Argus),ferrous,hrc,CME,US,EHR,EHR,Comdty,false,EUR,20,t,EUR/t,1,20,,US,cash,active,"EUR per tonne, ex-works Northwest Europe, cash settled. The more liquid of the two European HRC futures. contract_size 20 t confidence: low. bbg_root is a guess (exchange code)."
LME:SC,LME steel scrap CFR Turkey (Platts),ferrous,steel_scrap,LME,GB,SC,ZZLSC,Comdty,false,USD,10,t,USD/t,1,10,,LME,cash,active,"HMS 1&2 80:20 CFR Turkey. Monthly cash-settled future (not the LME daily prompt structure), listed 15 months. The most liquid LME ferrous contract. bbg_root is a PLACEHOLDER."
LME:SR,LME steel rebar FOB Turkey (Platts),ferrous,rebar,LME,GB,SR,ZZLSR,Comdty,false,USD,10,t,USD/t,1,10,,LME,cash,active,Monthly cash-settled. Moderate liquidity. bbg_root is a PLACEHOLDER.
LME:HC,LME steel HRC FOB China (Argus),ferrous,hrc,LME,GB,HC,ZZLHC,Comdty,false,USD,10,t,USD/t,1,10,,LME,cash,active,"FOB Tianjin, monthly cash-settled. Moderate liquidity. Do not confuse with SHFE:HC. bbg_root is a PLACEHOLDER."
LME:HU,LME steel HRC North America (Platts),ferrous,hrc,LME,GB,HU,ZZLHU,Comdty,false,USD,10,st,USD/st,1,10,,LME,cash,illiquid,"Competes with CME:HRC, which has the liquidity. Status confidence: low - re-check open interest on the terminal. bbg_root is a PLACEHOLDER."
LME:HN,LME steel HRC NW Europe (Argus),ferrous,hrc,LME,GB,HN,ZZLHN,Comdty,false,EUR,10,t,EUR/t,1,10,,LME,cash,illiquid,Same index as CME:EHR. Exchange code HN and status are confidence: low. bbg_root is a PLACEHOLDER.
LME:SI,LME steel scrap CFR India (Platts),ferrous,steel_scrap,LME,GB,SI,ZZLSI,Comdty,false,USD,10,t,USD/t,1,10,,LME,cash,illiquid,Little open interest. Code confidence: low. bbg_root is a PLACEHOLDER.
LME:ST,LME steel scrap CFR Taiwan (Argus),ferrous,steel_scrap,LME,GB,ST,ZZLST,Comdty,false,USD,10,t,USD/t,1,10,,LME,cash,illiquid,Little open interest. Code confidence: low. bbg_root is a PLACEHOLDER.
SHFE:NI,SHFE nickel,metals,nickel,SHFE,CN,NI,XII,Comdty,false,CNY,1,t,CNY/t,1,1,,CN,physical,active,1 t lot. Price includes 13% VAT. Opened to overseas participants and QFI on 22 April 2026. Monthly roll. bbg_root XII best guess (ferrous uses the same).
SHFE:CU,SHFE copper cathode,metals,copper,SHFE,CN,CU,CU,Comdty,false,CNY,5,t,CNY/t,1,5,,CN,physical,active,"Price includes 13% VAT. All 12 months listed; the main contract is the 2nd or 3rd month and rolls every month, so active_months is blank. Expiry on the 15th, which lines up with the LME third Wednesday. bbg_root CU best guess."
ZCE:FG,ZCE flat glass,chemicals,flat_glass,ZCE,CN,FG,FGL,Comdty,false,CNY,20,t,CNY/t,1,20,"1,5,9",CN,physical,active,"5 mm float glass, quoted per tonne (spot trades per 50 kg weight case: 1 t = 20 cases). Ferrous references this row with depth 6; this row wins. bbg_root FGL is a best guess from memory, confidence: low. foreign_access confidence: low."
ICE:NCF,ICE Newcastle coal (globalCOAL NEWC),energy,thermal_coal,ICE,GB,NCF,XW,Comdty,false,USD,1000,t,USD/t,1,1000,,ICE_EU,cash,active,"FOB Newcastle, 6,000 kcal/kg NAR. The user's list labels this API 2; it is not. API 2 is the Rotterdam index. Ferrous also references this row (its copy has depth 2; this row wins). bbg_root XW is a best guess."
SGX:C5,SGX Capesize C5 West Australia-Qingdao freight (Baltic),freight,dry_bulk_freight,SGX,SG,C5,ZZC5,Comdty,false,USD,1000,t,USD/t,1,1000,,SG,cash,active,"EXTERNAL LEG (no owner yet). Voyage-route FFA in USD per WET tonne. Needed by proc.ore.fob_netback_c5. Exchange code, lot size and whether Bloomberg carries it as a futures chain are all confidence: low. bbg_root is a PLACEHOLDER."
NYMEX:CL,NYMEX WTI light sweet crude,energy,crude_oil,NYMEX,US,CL,CL,Comdty,false,USD,1000,bbl,USD/bbl,1,1000,,US,physical,active,Physically delivered at Cushing. Month M expires about the 20th of M-1. Depth 12 is the cap; Dec-Dec needs generic 13 (see NOTES.md). bbg_root CL is the well-known generic but still unverified on this terminal.
ICE:B,ICE Brent crude,energy,crude_oil,ICE,GB,B,CO,Comdty,false,USD,1000,bbl,USD/bbl,1,1000,,ICE_EU,cash,active,"Cash settled. Month M expires on the last business day of M-2 (Dec expires end of Oct), so it is the earliest-expiring leg in almost every spread and is the tenor_anchor. bbg_root CO is the well-known generic but unverified here."
INE:SC,INE medium sour crude,energy,crude_oil,INE,CN,SC,SCP,Comdty,false,CNY,1000,bbl,CNY/bbl,1,1000,,CN,physical,active,Bonded delivery: price excludes duty and VAT so vat_rate is 0. Last trading day is the last trading day of M-1. Main contract rolls roughly monthly and sits 1-2 months out. bbg_root SCP is a best guess.
GME:OQD,GME (formerly DME) Oman crude,energy,crude_oil,GME,AE,OQD,ZZOQD,Comdty,false,USD,1000,bbl,USD/bbl,1,1000,,AE,physical,active,Dubai Mercantile Exchange was renamed Gulf Mercantile Exchange in 2024; the user's list calls it DME. Physically delivered; month M expires end of M-2 like Brent. EXCHANGE GME IS NOT IN validate.py EXCHANGES: housekeeper must add it. bbg_root is a PLACEHOLDER.
ICE:ADM,ICE Abu Dhabi Murban crude,energy,crude_oil,ICE,AE,ADM,ZZADM,Comdty,false,USD,1000,bbl,USD/bbl,1,1000,,ICE_EU,physical,active,"ICE Futures Abu Dhabi (IFAD), launched 2021. Physically delivered FOB Fujairah; month M expires end of M-2. Light sweet (API 40), so it is the East-of-Suez sweet marker. bbg_root is a PLACEHOLDER."
NYMEX:DC,NYMEX Dubai crude (Platts) financial,energy,crude_oil,NYMEX,US,DC,ZZDC,Comdty,false,USD,1000,bbl,USD/bbl,1,1000,,US,cash,active,"Cash-settled swap future: settles on the monthly average of Platts Dubai. The current month stays listed while it prices, so generic 1 is partly fixed; spreads use m+1 or an anchored month. ICE Dubai 1st Line (DBI) is the larger venue with the same curve; if CME history is patchy switch the row to ICE. Depth 5 reaches the Brent and SC main months. bbg_root is a PLACEHOLDER."
ICE:HOU,ICE Midland WTI American Gulf Coast,energy,crude_oil,ICE,US,HOU,ZZHOU,Comdty,false,USD,1000,bbl,USD/bbl,1,1000,,ICE_EU,physical,active,"Launched 2022, physically delivered at Houston (MEH/ECHO); the only outright-priced Gulf Coast WTI future (the rest are differential swaps). confidence: low on status (open interest not checked) and on the ticker (PLACEHOLDER)."
TOCOM:JCO,TOCOM Platts Dubai crude,energy,crude_oil,TOCOM,JP,JCO,CP,Comdty,false,JPY,50,kl,JPY/kl,1,50,,JP,cash,illiquid,"In the user's list. Yen per kilolitre, cash settled on the Platts Dubai monthly average. Liquidity is small and sits in the furthest listed month; no spread is defined on it. JCO is the code in the user's list, not a confirmed exchange code. confidence: low on code and ticker."
NYMEX:RB,NYMEX RBOB gasoline,energy,gasoline,NYMEX,US,RB,XB,Comdty,false,USD,42000,gal,USD/gal,0.01,420,,US,physical,active,"Bloomberg quotes XB in US cents per gallon, hence price_scale 0.01; check on the terminal. Month M expires last business day of M-1. Summer/winter RVP grade change sits in the Mar-Apr and Sep-Oct spreads."
NYMEX:HO,NYMEX NY Harbor ULSD (heating oil),energy,gasoil,NYMEX,US,HO,HO,Comdty,false,USD,42000,gal,USD/gal,0.01,420,,US,physical,active,"Bloomberg quotes HO in US cents per gallon, hence price_scale 0.01; check on the terminal. Month M expires last business day of M-1."
ICE:G,ICE low sulphur gasoil,energy,gasoil,ICE,GB,G,QS,Comdty,false,USD,100,t,USD/t,1,100,,ICE_EU,physical,active,10 ppm diesel delivered ARA. Month M expires two business days before the 14th of M. QS (the code in the user's list) is the Bloomberg root; the ICE code is G. 7.45 bbl per tonne is the market-standard conversion.
NYMEX:7H,NYMEX Eurobob oxy gasoline NWE barges (Argus),energy,gasoline,NYMEX,US,7H,ZZ7H,Comdty,false,USD,1000,t,USD/t,1,1000,,US,cash,active,Cash-settled monthly-average swap future; 8.33 bbl per tonne. ICE lists the same swap with more open interest. bbg_root is a PLACEHOLDER.
NYMEX:1N,NYMEX Singapore Mogas 92 (Platts),energy,gasoline,NYMEX,US,1N,ZZ1N,Comdty,false,USD,1000,bbl,USD/bbl,1,1000,,US,cash,active,Cash-settled monthly-average swap future. bbg_root is a PLACEHOLDER.
NYMEX:SG,NYMEX Singapore gasoil (Platts),energy,gasoil,NYMEX,US,SG,ZZSG,Comdty,false,USD,1000,bbl,USD/bbl,1,1000,,US,cash,active,"Cash-settled monthly-average swap future on the Platts Singapore benchmark gasoil (10 ppm). Quoted per barrel, unlike ICE gasoil. bbg_root is a PLACEHOLDER."
NYMEX:KS,NYMEX Singapore jet kerosene (Platts),energy,jet_kero,NYMEX,US,KS,ZZKS,Comdty,false,USD,1000,bbl,USD/bbl,1,1000,,US,cash,active,Cash-settled monthly-average swap future. bbg_root is a PLACEHOLDER.
NYMEX:JA,NYMEX Japan C&F naphtha (Platts MOPJ),energy,naphtha,NYMEX,US,JA,ZZJA,Comdty,false,USD,1000,t,USD/t,1,1000,,US,cash,active,Cash-settled monthly-average swap future; 8.9 bbl per tonne. bbg_root is a PLACEHOLDER.
NYMEX:UN,NYMEX European naphtha CIF NWE cargoes (Platts),energy,naphtha,NYMEX,US,UN,ZZUN,Comdty,false,USD,1000,t,USD/t,1,1000,,US,cash,active,Cash-settled monthly-average swap future; 8.9 bbl per tonne. bbg_root is a PLACEHOLDER.
NYMEX:SE,NYMEX Singapore fuel oil 380 cst (Platts),energy,fuel_oil,NYMEX,US,SE,ZZSE,Comdty,false,USD,1000,t,USD/t,1,1000,,US,cash,active,"3.5% sulphur HSFO; 6.35 bbl per tonne. Cash-settled monthly-average swap future. This, not ICE gasoil, is the comparator for SHFE FU. ICE lists the same swap (SYS) with more open interest. Depth 7 so it reaches SHFE:FU's main month. bbg_root is a PLACEHOLDER."
NYMEX:UV,NYMEX 3.5% fuel oil barges FOB Rotterdam (Platts),energy,fuel_oil,NYMEX,US,UV,ZZUV,Comdty,false,USD,1000,t,USD/t,1,1000,,US,cash,active,Cash-settled monthly-average swap future; 6.35 bbl per tonne. bbg_root is a PLACEHOLDER.
NYMEX:S5F,NYMEX Singapore marine fuel 0.5% FOB (Platts),energy,fuel_oil,NYMEX,US,S5F,ZZS5F,Comdty,false,USD,1000,t,USD/t,1,1000,,US,cash,active,"VLSFO. This, not ICE gasoil, is the comparator for INE LU. CME uses 6.35 bbl per tonne for its cracks. confidence: low on the exchange code S5F; bbg_root is a PLACEHOLDER."
NYMEX:R5F,NYMEX marine fuel 0.5% FOB Rotterdam barges (Platts),energy,fuel_oil,NYMEX,US,R5F,ZZR5F,Comdty,false,USD,1000,t,USD/t,1,1000,,US,cash,active,VLSFO. confidence: low on the exchange code R5F; bbg_root is a PLACEHOLDER.
SHFE:FU,SHFE fuel oil 380 (bonded),energy,fuel_oil,SHFE,CN,FU,ZZFU,Comdty,false,CNY,10,t,CNY/t,1,10,,CN,physical,active,"Relaunched 2018 as bonded 380 cst HSFO: price excludes duty and VAT so vat_rate is 0 (the user's list calls it a domestic contract). Last trading day is the last trading day of M-1. confidence: low on active_months (historically 1,5,9; recent mains appear to roll more often, so left blank) and on foreign_access. bbg_root is a PLACEHOLDER."
INE:LU,INE low sulphur fuel oil,energy,fuel_oil,INE,CN,LU,ZZLU,Comdty,false,CNY,10,t,CNY/t,1,10,,CN,physical,active,"0.5% sulphur bonded marine fuel: price excludes duty and VAT. Main contract rolls roughly monthly, 2-3 months out. bbg_root is a PLACEHOLDER."
SHFE:BU,SHFE bitumen,energy,bitumen,SHFE,CN,BU,ZZBU,Comdty,false,CNY,10,t,CNY/t,1,10,,CN,physical,active,"Domestic price including 13% VAT. No foreign exchange-traded equivalent. confidence: low on active_months (historically 6,9,12; left blank) and on foreign_access. bbg_root is a PLACEHOLDER."
DCE:PG,DCE LPG,energy,lpg,DCE,CN,PG,ZZPG,Comdty,false,CNY,20,t,CNY/t,1,20,,CN,physical,active,"Price includes VAT at 9% (the reduced rate for LPG), not 13%. Deliverable is propane/butane/mix in South and East China; in practice it prices imported propane, with a warehouse-receipt squeeze premium at times. Main contract rolls roughly monthly. confidence: low on foreign_access. bbg_root is a PLACEHOLDER."
NYMEX:B0,NYMEX Mont Belvieu LDH propane (OPIS),energy,lpg,NYMEX,US,B0,ZZB0,Comdty,false,USD,42000,gal,USD/gal,1,42000,,US,cash,active,"Cash-settled monthly-average swap future. CME quotes dollars per gallon; if Bloomberg shows cents, price_scale must become 0.01. 521 gallons per tonne. confidence: low on price_scale. bbg_root is a PLACEHOLDER."
NYMEX:7E,NYMEX Argus propane Far East Index (AFEI),energy,lpg,NYMEX,US,7E,ZZ7E,Comdty,false,USD,1000,t,USD/t,1,1000,,US,cash,active,"CFR Japan/Korea/China propane swap. Missing from the user's list, but it is the natural comparator for DCE PG. Depth 5 reaches DCE:PG's main month. bbg_root is a PLACEHOLDER."
NYMEX:9N,NYMEX Argus propane Saudi Aramco CP,energy,lpg,NYMEX,US,9N,ZZ9N,Comdty,false,USD,1000,t,USD/t,1,1000,,US,cash,active,"Swap on the monthly Saudi contract price, FOB Gulf. The user's list has the mini (MAS); 9N is the full-size contract. bbg_root is a PLACEHOLDER."
NYMEX:PS,NYMEX European propane CIF ARA (Argus),energy,lpg,NYMEX,US,PS,ZZPS,Comdty,false,USD,1000,t,USD/t,1,1000,,US,cash,active,Cash-settled monthly-average swap future. bbg_root is a PLACEHOLDER.
NYMEX:NG,NYMEX Henry Hub natural gas,energy,natural_gas,NYMEX,US,NG,NG,Comdty,false,USD,10000,mmbtu,USD/mmbtu,1,10000,,US,physical,active,"Month M expires three business days before M. Depth 12: the named seasonal pairs (Mar-Apr, Oct-Jan, Apr-Oct) are watched up to a year ahead. bbg_root NG is the well-known generic but unverified here."
ICE:TFM,ICE Endex Dutch TTF natural gas,energy,natural_gas,ICE,NL,TFM,TZT,Comdty,false,EUR,720,mwh,EUR/mwh,1,720,,ICE_EU,physical,active,"1 MW of baseload for every hour of the delivery month, so the size is 672 to 745 MWh; 720 is a 30-day month. Generic 1 is the month ahead; expires two business days before the delivery month. Depth can drop to 8 if the allowance is tight. bbg_root TZT is a best guess."
ICE:M,ICE UK NBP natural gas,energy,natural_gas,ICE,GB,M,FN,Comdty,false,GBP,30000,therm,GBP/therm,0.01,300,,ICE_EU,physical,active,"1,000 therms a day for every day of the month; 30,000 is a 30-day month. Quoted in pence per therm, hence price_scale 0.01. Only used for the NBP-TTF basis. bbg_root FN is a best guess."
ICE:JKM,ICE JKM LNG (Platts),energy,natural_gas,ICE,GB,JKM,JKL,Comdty,false,USD,10000,mmbtu,USD/mmbtu,1,10000,,ICE_EU,cash,active,"Cash settled on the average of JKM assessments for delivery month M, which are made from the 16th of M-2 to the 15th of M-1, so month M stops trading mid M-1 and part-prices for a month before that. confidence: low on the ticker JKL."
ICE:ATW,ICE Rotterdam coal (API 2),energy,thermal_coal,ICE,GB,ATW,XA,Comdty,false,USD,1000,t,USD/t,1,1000,,ICE_EU,cash,active,"CIF ARA, 6,000 kcal/kg NAR (6.978 MWh or 23.81 mmBtu per tonne). Cash settled on the monthly index; the current month stays listed. bbg_root XA is a best guess."
ICE:AFR,ICE Richards Bay coal (API 4),energy,thermal_coal,ICE,GB,AFR,XO,Comdty,false,USD,1000,t,USD/t,1,1000,,ICE_EU,cash,active,"FOB Richards Bay, 6,000 kcal/kg NAR. Thinner than API 2 and Newcastle; confidence: low on status. bbg_root XO is a best guess."
ZCE:ZC,ZCE thermal coal,energy,thermal_coal,ZCE,CN,ZC,TRC,Comdty,false,CNY,100,t,CNY/t,1,100,"1,5,9",CN,physical,suspended,"5,500 kcal/kg NAR, price includes 13% VAT. Still listed but effectively untradable since 2021-22 (punitive margins and position limits after the price-cap policy); near-zero volume. No spread uses it. bbg_root TRC is a best guess."
ICE:ECF,ICE Endex EUA carbon allowance,energy,carbon,ICE,NL,ECF,MO,Comdty,false,EUR,1000,t,EUR/t,1,1000,12,ICE_EU,physical,active,"One lot is 1,000 allowances (1,000 t CO2). December is the benchmark expiry; quarterlies exist but are thin. Depth 2 assumes Bloomberg generic MO1/MO2 roll Dec to Dec; check on the terminal. confidence: low on the exchange code ECF."
EEX:DEBM,EEX German power base month,energy,power,EEX,DE,DEBM,ZZDEBM,Comdty,false,EUR,720,mwh,EUR/mwh,1,720,,EEX,cash,active,"1 MW baseload for every hour of the month (720 is a 30-day month). Financial; the delivering month stays listed, so generic 1 may be the current month. Included only as the power leg of spark and dark spreads. bbg_root is a PLACEHOLDER."
NYMEX:JM,NYMEX PJM Western Hub real-time peak month,energy,power,NYMEX,US,JM,ZZJM,Comdty,false,USD,1680,mwh,USD/mwh,1,1680,,US,cash,active,"5 MW for the 16 peak hours of each peak day (80 MWh a day, about 21 days). Included only as the power leg of the US spark spread. Most US power open interest is on ICE, so this may be thin. confidence: low on code, lot size, status. bbg_root is a PLACEHOLDER."
INE:EC,INE containerized freight index (Europe),energy,container_freight,INE,CN,EC,ZZEC,Comdty,false,CNY,50,unit,CNY/unit,1,50,"2,4,6,8,10,12",CN,cash,active,"Quoted in index points of the SCFIS Shanghai-North Europe index; one point is CNY 50. Cash settled; only even months are listed. The only liquid container freight future anywhere, so it has calendars only. Not energy: parked here until a freight sector exists. bbg_root is a PLACEHOLDER."
SHFE:AL,SHFE aluminium,metals,aluminium,SHFE,CN,AL,AA,Comdty,false,CNY,5,t,CNY/t,1,5,,CN,physical,active,"Price includes 13% VAT. Monthly roll. Depth 6 (not 5) because proc.cn.aluminium_smelter anchors to the SHFE:AO main month, up to 5-6 months out. bbg_root AA best guess."
SHFE:ZN,SHFE zinc,metals,zinc,SHFE,CN,ZN,ZNA,Comdty,false,CNY,5,t,CNY/t,1,5,,CN,physical,active,Price includes 13% VAT. Monthly roll. bbg_root ZNA best guess.
SHFE:PB,SHFE lead,metals,lead,SHFE,CN,PB,PBL,Comdty,false,CNY,5,t,CNY/t,1,5,,CN,physical,active,Price includes 13% VAT. Monthly roll; the thinnest of the six SHFE base metals. bbg_root PBL best guess. foreign_access qfi is confidence: low.
SHFE:SN,SHFE tin,metals,tin,SHFE,CN,SN,XOO,Comdty,false,CNY,1,t,CNY/t,1,1,,CN,physical,active,1 t lot. Price includes 13% VAT. Monthly roll. bbg_root XOO best guess. foreign_access qfi is confidence: low.
SHFE:AO,SHFE alumina,metals,alumina,SHFE,CN,AO,ZZAO,Comdty,false,CNY,20,t,CNY/t,1,20,"1,5,9",CN,physical,active,"20 t lot. Price includes 13% VAT. The only physically delivered alumina future. Main contract rolled monthly in 2023-24 and settled into Jan/May/Sep from 2025 (AO2505, AO2509, AO2601): active_months is confidence: low, check open interest by month. If it is monthly, switch the rule to adjacent and cut depth to 5. bbg_root is a PLACEHOLDER. foreign_access confidence: low."
SHFE:AD,SHFE cast aluminium alloy (ADC12),metals,aluminium_alloy,SHFE,CN,AD,ZZAD,Comdty,false,CNY,10,t,CNY/t,1,10,,CN,physical,active,Listed 10 June 2025; first contract AD2511. 10 t lot. Secondary (scrap-based) ADC12. Thin: open interest in the low tens of thousands of lots. History starts June 2025. bbg_root is a PLACEHOLDER.
SHFE:AU,SHFE gold,metals,gold,SHFE,CN,AU,AUA,Comdty,false,CNY,1000,g,CNY/g,1,1000,"2,4,6,8,10,12",CN,physical,active,"1 kg lot quoted in CNY per gram. Exchange-traded standard gold is VAT-exempt, so vat_rate is 0. Listed months: the nearest three plus even months; main contracts are the even months. Gold imports need a PBOC licence and quota. bbg_root AUA best guess."
SHFE:AG,SHFE silver,metals,silver,SHFE,CN,AG,SAI,Comdty,false,CNY,15,kg,CNY/kg,1,15,"2,4,6,8,10,12",CN,physical,active,"15 kg lot quoted in CNY per kg. Price includes 13% VAT. CNY/kg to USD/oz divides by 32.1507 troy oz per kg, NOT 31.1035 (PLAN.md section 10). Main contracts are the even months (Jun/Dec only before about 2020: history break in the main-contract series). bbg_root SAI best guess."
INE:BC,INE bonded copper,metals,copper,INE,CN,BC,ZZBC,Comdty,false,CNY,5,t,CNY/t,1,5,,CN,physical,active,"Listed Nov 2020. Bonded price in CNY: excludes VAT and import duty, so vat_rate is 0. Same months and expiry as SHFE:CU. Thin next to SHFE:CU (open interest a few tens of thousands of lots at best). bbg_root is a PLACEHOLDER."
GFEX:LC,GFEX lithium carbonate,metals,lithium_carbonate,GFEX,CN,LC,GFLC,Comdty,true,CNY,1,t,CNY/t,1,1,"1,5,7,9,11",CN,physical,active,"GFLC1 confirmed by the legacy code. 1 t lot, battery grade 99.5%. Price includes 13% VAT. QFI since March 2025, overseas traders from July 2026. active_months inferred from the 2024-26 main-contract sequence (2501, 2505, 2507, 2509, 2511, 2601, 2605): confidence: low."
GFEX:SI,GFEX silicon metal,metals,silicon_metal,GFEX,CN,SI,GFSI,Comdty,true,CNY,5,t,CNY/t,1,5,,CN,physical,active,GFSI1 confirmed by the legacy code. 5 t lot. Deliverable grade changed from Si5530 to Si4210-based from contract SI2412: level break in history around the Nov-Dec 2024 contracts (confidence: low on the exact contract). Main contract rolls roughly monthly with skips: confidence: low.
GFEX:PS,GFEX polysilicon,metals,polysilicon,GFEX,CN,PS,GFPS,Comdty,true,CNY,3,t,CNY/t,1,3,,CN,physical,active,"GFPS1 confirmed by the legacy code. 3 t lot, N-type dense. Listed 26 December 2024, first contract PS2506. Heavily policy driven (anti-involution capacity consolidation 2025). Main contract rolls roughly monthly: confidence: low."
GFEX:PT,GFEX platinum,metals,platinum,GFEX,CN,PT,GFPT,Comdty,false,CNY,1000,g,CNY/g,1,1000,"2,4,6,8,10,12",CN,physical,active,"Listed 27 November 2025, first contract PT2606. 1000 g lot in CNY per gram; only even months are listed, so generic k is the k-th even month. Price includes 13% VAT (the platinum import VAT exemption ended 1 Nov 2025). History starts Nov 2025. bbg_root GFPT is a guess by analogy with GFLC/GFSI/GFPS. foreign_access confidence: low."
GFEX:PD,GFEX palladium,metals,palladium,GFEX,CN,PD,GFPD,Comdty,false,CNY,1000,g,CNY/g,1,1000,"2,4,6,8,10,12",CN,physical,active,Listed 27 November 2025. Same design as GFEX:PT. Thinner than platinum. bbg_root GFPD is a guess by analogy. foreign_access confidence: low.
LME:CA,LME copper (third-Wednesday monthly prompts),metals,copper,LME,GB,CA,LP,Comdty,false,USD,25,t,USD/t,1,25,,LME,physical,active,"The monthly third-Wednesday prompt dates, which Bloomberg carries as an ordinary futures chain (generics LP1..LPn, contracts LPZ6 style). NOT the rolling 3-month price (LMCADS03), which the current contracts cannot hold: see NOTES.md section 1. Never use tenor main on an LME leg. bbg_root LP best guess, confidence: medium."
LME:AH,LME aluminium (third-Wednesday monthly prompts),metals,aluminium,LME,GB,AH,LA,Comdty,false,USD,25,t,USD/t,1,25,,LME,physical,active,Third-Wednesday chain LA1..LAn. See LME:CA and NOTES.md section 1.
LME:ZS,LME zinc (third-Wednesday monthly prompts),metals,zinc,LME,GB,ZS,LX,Comdty,false,USD,25,t,USD/t,1,25,,LME,physical,active,Third-Wednesday chain LX1..LXn. See LME:CA and NOTES.md section 1.
LME:PB,LME lead (third-Wednesday monthly prompts),metals,lead,LME,GB,PB,LL,Comdty,false,USD,25,t,USD/t,1,25,,LME,physical,active,Third-Wednesday chain LL1..LLn. See LME:CA and NOTES.md section 1.
LME:NI,LME nickel (third-Wednesday monthly prompts),metals,nickel,LME,GB,NI,LN,Comdty,false,USD,6,t,USD/t,1,6,,LME,physical,active,6 t lot. Third-Wednesday chain LN1..LNn. Trading was suspended 8-16 March 2022 and the 8 March trades were cancelled; liquidity before and after is not comparable. Chinese and Indonesian full-plate brands became deliverable from 2023-24.
LME:SN,LME tin (third-Wednesday monthly prompts),metals,tin,LME,GB,SN,LT,Comdty,false,USD,5,t,USD/t,1,5,,LME,physical,active,5 t lot. Third-Wednesday chain LT1..LTn. Thin; prone to squeezes and wide backwardations.
LME:NA,LME NASAAC (North American special aluminium alloy),metals,aluminium_alloy,LME,GB,NA,ZZLNA,Comdty,false,USD,20,t,USD/t,1,20,,LME,physical,illiquid,"A380.1 secondary alloy, 20 t lot. A little open interest, days without trades. Different spec and region from SHFE:AD (ADC12), so no benchmark row is built on it. bbg_root is a PLACEHOLDER."
LME:AA,LME aluminium alloy,metals,aluminium_alloy,LME,GB,AA,ZZLAA,Comdty,false,USD,20,t,USD/t,1,20,,LME,physical,illiquid,"DIN226/A380 alloy, 20 t lot. Effectively dead. No spread uses it. bbg_root is a PLACEHOLDER."
LME:CO,LME cobalt (physically delivered),metals,cobalt,LME,GB,CO,ZZLCO,Comdty,false,USD,1,t,USD/t,1,1,,LME,physical,illiquid,"1 t lot, min 99.8% Co. Open interest negligible since trading moved to the cash-settled CME contract. No spread uses it. bbg_root is a PLACEHOLDER (not CO: that is Brent on Bloomberg). Delivery physical (LME warrant); the cash-settled cobalt contract is CME's."
COMEX:HG,COMEX copper,metals,copper,COMEX,US,HG,HG,Comdty,false,USD,25000,lb,USD/lb,0.01,250,"3,5,7,9,12",US,physical,active,Quoted in US cents per lb: price_scale 0.01 gives USD/lb. 1 t = 2204.62 lb. Physically delivered Grade 1 cathode in US warehouses (the HTML list says financial and physical: wrong). Every month is listed; open interest sits in H K N U Z. Depth 7 so the main vs next-active calendar is always inside the generics.
COMEX:GC,COMEX gold,metals,gold,COMEX,US,GC,GC,Comdty,false,USD,100,oz,USD/oz,1,100,"2,4,6,8,12",US,physical,active,100 troy oz. Active cycle G J M Q Z; October (V) is listed and settles but carries little open interest. Listed: nearest three months plus the even months.
COMEX:SI,COMEX silver,metals,silver,COMEX,US,SI,SI,Comdty,false,USD,5000,oz,USD/oz,1,5000,"3,5,7,9,12",US,physical,active,"5000 troy oz. Active cycle H K N U Z. Bloomberg should show USD per oz; if the raw price is in cents set price_scale to 0.01. Even months exist only as the nearest serial months, so it cannot be anchored to the SHFE:AG main month."
NYMEX:PL,NYMEX platinum,metals,platinum,NYMEX,US,PL,PL,Comdty,false,USD,50,oz,USD/oz,1,50,"1,4,7,10",US,physical,active,50 troy oz. Active cycle F J N V; other months exist only as the nearest serial months.
NYMEX:PA,NYMEX palladium,metals,palladium,NYMEX,US,PA,PA,Comdty,false,USD,100,oz,USD/oz,1,100,"3,6,9,12",US,physical,active,100 troy oz. Active cycle H M U Z. Open interest has shrunk since 2022; still the only liquid palladium future.
COMEX:ALI,COMEX aluminium,metals,aluminium,COMEX,US,ALI,ZZALI,Comdty,false,USD,25,t,USD/t,1,25,,US,physical,active,"25 t lot, physically delivered, P1020A. Open interest grew from nothing in 2021 to a few thousand lots; still thin next to the LME. Confidence: low on current liquidity and on whether delivery is duty-paid. bbg_root is a PLACEHOLDER."
COMEX:AUP,COMEX aluminium US Midwest premium (Platts),metals,aluminium_premium,COMEX,US,AUP,ZZAUP,Comdty,false,USD,55116,lb,USD/lb,1,55116,,US,cash,active,"25 t (55116 lb) lot quoted in USD per lb. Cash settled on the monthly average of the Platts Midwest transaction premium (duty-paid, so it carries the Section 232 tariff). The most liquid aluminium premium future. The front month is partly priced: spreads use m+1. If Bloomberg shows cents per lb set price_scale to 0.01. bbg_root is a PLACEHOLDER."
COMEX:AEP,COMEX aluminium European duty-paid premium (Fastmarkets),metals,aluminium_premium,COMEX,US,AEP,ZZAEP,Comdty,false,USD,25,t,USD/t,1,25,,US,cash,active,Rotterdam duty-PAID in-warehouse premium. 25 t lot. Cash settled on the monthly average. bbg_root is a PLACEHOLDER.
COMEX:EDP,COMEX aluminium European duty-unpaid premium (Fastmarkets),metals,aluminium_premium,COMEX,US,EDP,ZZEDP,Comdty,false,USD,25,t,USD/t,1,25,,US,cash,active,Rotterdam duty-UNPAID premium. 25 t lot. Thinner than AEP. bbg_root is a PLACEHOLDER.
COMEX:MJP,COMEX aluminium Japan premium (Platts),metals,aluminium_premium,COMEX,US,MJP,ZZMJP,Comdty,false,USD,25,t,USD/t,1,25,,US,cash,active,CIF Japan premium. 25 t lot. Thin; the underlying is negotiated quarterly so the series moves in steps. Status confidence: low - may deserve illiquid. bbg_root is a PLACEHOLDER.
COMEX:ALA,COMEX alumina FOB Australia (Platts),metals,alumina,COMEX,US,ALA,ZZALA,Comdty,false,USD,100,t,USD/t,1,100,,US,cash,active,Cash settled on the monthly average of Platts FOB Australia. The only Western alumina future with any open interest (it grew in the 2024 alumina spike); still thin. Lot size 100 t and status are confidence: low. Depth 6 because bench.alumina.shfe_vs_fob_aus anchors to the SHFE:AO main month. bbg_root is a PLACEHOLDER.
COMEX:ALB,COMEX alumina FOB Australia (Fastmarkets MB),metals,alumina,COMEX,US,ALB,ZZALB,Comdty,false,USD,100,t,USD/t,1,100,,US,cash,illiquid,Dead twin of COMEX:ALA on the Fastmarkets index. The LME Platts alumina contract (2019) is equally dead and has no row. No spread uses it. bbg_root is a PLACEHOLDER.
COMEX:ZNC,COMEX zinc,metals,zinc,COMEX,US,ZNC,ZZZNC,Comdty,false,USD,25,t,USD/t,1,25,,US,,illiquid,"Dead: listed, no open interest for years. So there is no COMEX-LME or SHFE-COMEX zinc spread. COMEX lead is the same and has no row. bbg_root is a PLACEHOLDER. delivery left blank: not confirmed from the exchange specification."
COMEX:LTH,CME lithium hydroxide CIF CJK (Fastmarkets),metals,lithium_hydroxide,COMEX,US,LTH,LFA,Comdty,true,USD,1000,kg,USD/kg,1,1000,,US,cash,active,LFA1 confirmed by the legacy code. 1 t lot quoted in USD per kg. Cash settled on the monthly average. The most liquid battery-metal contract outside China; open interest is spread along the curve.
COMEX:LTC,CME lithium carbonate CIF CJK (Fastmarkets),metals,lithium_carbonate,COMEX,US,LTC,LJC,Comdty,true,USD,1000,kg,USD/kg,1,1000,,US,cash,active,"LJC1 confirmed by the legacy code. 1 t lot quoted in USD per kg. Cash settled on the monthly average. Thin, but settles every listed month. Depth 6 because bench.li.gfex_vs_cme_carbonate anchors to the GFEX:LC main month."
COMEX:COB,CME cobalt metal (Fastmarkets),metals,cobalt,COMEX,US,COB,ZZCOB,Comdty,false,USD,2204.62,lb,USD/lb,1,2204.62,,US,cash,active,"1 t (2204.62 lb) lot quoted in USD per lb, standard grade in-warehouse Rotterdam. Cash settled on the monthly average. Only calendars use it: cobalt has no paper partner (see NOTES.md, left out). bbg_root is a PLACEHOLDER."
COMEX:SPO,CME spodumene CIF China (Fastmarkets),metals,spodumene,COMEX,US,SPO,SVP,Comdty,true,USD,10,t,USD/t,1,10,,US,cash,illiquid,"SVP1 confirmed by the legacy code. USD per t of 6% Li2O concentrate. Listed 28 Oct 2024. Very thin: marked illiquid, so the two spodumene margins have no data until real open interest shows and the status is changed. exchange_code SPO and the 10 t lot are confidence: low."
DCE:A,DCE No.1 soybeans (non-GMO),agriculture,soybean,DCE,CN,A,AK,Comdty,false,CNY,10,t,CNY/t,1,10,"1,3,5,7,9,11",CN,physical,active,Domestic non-GMO food-grade beans from the north-east; lists odd months only and the main contract walks through them. NOT the crushing bean: never use it in a crush. Internationalised Dec 2022. VAT 9% (primary agricultural product). bbg_root AK best guess.
DCE:B,DCE No.2 soybeans (imported GMO),agriculture,soybean,DCE,CN,B,BP,Comdty,false,CNY,10,t,CNY/t,1,10,,CN,physical,active,"Imported crushing beans; the right bean leg for a Dalian crush. Lists every month; the main contract sits 1-3 months out and rolls about monthly. Much thinner than M and Y. bbg_root BP is a guess, confidence: low."
DCE:M,DCE soybean meal,agriculture,soymeal,DCE,CN,M,AE,Comdty,false,CNY,10,t,CNY/t,1,10,"1,5,9",CN,physical,active,"43% protein meal. The most liquid agricultural future in China. Lists 1,3,5,7,8,9,11,12 (8 months), so the next 1/5/9 main is never beyond generic 7. bbg_root AE best guess."
DCE:Y,DCE soybean oil,agriculture,soyoil,DCE,CN,Y,SH,Comdty,false,CNY,10,t,CNY/t,1,10,"1,5,9",CN,physical,active,"Crude degummed soybean oil. Lists 1,3,5,7,8,9,11,12. bbg_root SH best guess."
DCE:P,DCE RBD palm olein,agriculture,palm_oil,DCE,CN,P,PAL,Comdty,false,CNY,10,t,CNY/t,1,10,"1,5,9",CN,physical,active,"24-degree RBD palm olein, delivered in south and east China ports. Lists all 12 months, hence depth 10 (same reasoning as DCE iron ore). Internationalised Dec 2020. bbg_root PAL best guess."
DCE:C,DCE corn,agriculture,corn,DCE,CN,C,AC,Comdty,false,CNY,10,t,CNY/t,1,10,"1,3,5,7,9,11",CN,physical,active,Lists odd months only. Since about 2022 the main contract walks through every odd month rather than 1/5/9 (confidence: medium); the 1-5-9 pairs are added as named calendars. bbg_root AC best guess. foreign_access confidence: low.
DCE:CS,DCE corn starch,agriculture,corn_starch,DCE,CN,CS,ZZCS,Comdty,false,CNY,10,t,CNY/t,1,10,"1,3,5,7,9,11",CN,physical,active,Only corn starch future in the world. VAT 13% (processed product) against 9% on corn. Same month cycle as corn. bbg_root is a PLACEHOLDER.
DCE:JD,DCE eggs,agriculture,eggs,DCE,CN,JD,ZZJD,Comdty,false,CNY,5,t,CNY/t,2,10,,CN,physical,active,"Quoted in CNY per 500 kg, hence price_scale 2. Lists every month; very seasonal (Mid-Autumn peak, post-New-Year trough), so calendars are seasonal trades, not carry. Main contract moves often; confidence: low on depth. bbg_root is a PLACEHOLDER."
DCE:LH,DCE live hogs,agriculture,hogs,DCE,CN,LH,ZZLH,Comdty,false,CNY,16,t,CNY/t,1,16,"1,3,5,7,9,11",CN,physical,active,"Live weight, 16 t lot, listed Jan 2021. Odd months only; the main contract walks through them. bbg_root is a PLACEHOLDER."
DCE:LG,DCE logs,agriculture,logs,DCE,CN,LG,ZZLG,Comdty,false,CNY,90,m3,CNY/m3,1,90,"1,3,5,7,9,11",CN,physical,active,"Radiata pine logs, 90 m3 lot, listed Nov 2024. Thin. Volume unit, so calendars only. vat_rate and month cycle confidence: low. bbg_root is a PLACEHOLDER."
ZCE:CF,ZCE cotton No.1,agriculture,cotton,ZCE,CN,CF,VV,Comdty,false,CNY,5,t,CNY/t,1,5,"1,5,9",CN,physical,active,"Grade 3128B lint, mostly Xinjiang. Lists odd months; main 1/5/9. bbg_root VV best guess. foreign_access confidence: low."
ZCE:CY,ZCE cotton yarn,agriculture,cotton_yarn,ZCE,CN,CY,ZZCY,Comdty,false,CNY,5,t,CNY/t,1,5,"1,5,9",CN,physical,active,Carded 32s cotton yarn. Thin (a few thousand lots of open interest): check on the terminal and mark illiquid if needed. VAT 13%. bbg_root is a PLACEHOLDER. Listed months confidence: low.
ZCE:SR,ZCE white sugar,agriculture,sugar,ZCE,CN,SR,CB,Comdty,false,CNY,10,t,CNY/t,1,10,"1,5,9",CN,physical,active,"Domestic white sugar, VAT 13%. Lists odd months; main 1/5/9. On the 2022 QFI list (from memory). bbg_root CB best guess."
ZCE:OI,ZCE rapeseed oil,agriculture,rapeseed_oil,ZCE,CN,OI,ZRO,Comdty,false,CNY,10,t,CNY/t,1,10,"1,5,9",CN,physical,active,"Lists odd months; main 1/5/9. Opened to overseas traders Jan 2023 with RM and PK. bbg_root ZRO is a guess, confidence: low."
ZCE:RM,ZCE rapeseed meal,agriculture,rapeseed_meal,ZCE,CN,RM,ZRR,Comdty,false,CNY,10,t,CNY/t,1,10,"1,5,9",CN,physical,active,"36% protein; aquaculture feed, so demand is seasonal (May-Sep). Lists 1,3,5,7,8,9,11. bbg_root ZRR is a guess, confidence: low. vat_rate confidence: low."
ZCE:RS,ZCE rapeseed,agriculture,rapeseed,ZCE,CN,RS,ZZRS,Comdty,false,CNY,10,t,CNY/t,1,10,,CN,physical,illiquid,Dead: open interest near zero for years. No spread uses it; the China rapeseed crush is written against ICE canola instead. bbg_root is a PLACEHOLDER.
ZCE:AP,ZCE apples,agriculture,apples,ZCE,CN,AP,ZZAP,Comdty,false,CNY,10,t,CNY/t,1,10,"1,5,10",CN,physical,active,"Fresh Fuji apples. Lists 1,3,4,5,10,11,12; October is the new-crop contract. Calendars only. bbg_root is a PLACEHOLDER."
ZCE:CJ,ZCE jujube (red dates),agriculture,jujube,ZCE,CN,CJ,ZZCJ,Comdty,false,CNY,5,t,CNY/t,1,5,"1,5,9",CN,physical,active,"Dried Xinjiang grey jujube. Lists 1,3,5,7,9,12. Calendars only. bbg_root is a PLACEHOLDER."
ZCE:PK,ZCE peanut kernels,agriculture,peanuts,ZCE,CN,PK,ZZPK,Comdty,false,CNY,5,t,CNY/t,1,5,"1,4,10",CN,physical,active,"Lists 1,3,4,10,11,12 (no summer months); October/November is new crop. active_months confidence: low - if the spring main is not April, change the rule to named pairs. Calendars only. bbg_root is a PLACEHOLDER."
ZCE:WH,ZCE strong gluten wheat,agriculture,wheat,ZCE,CN,WH,ZZWH,Comdty,false,CNY,20,t,CNY/t,1,20,,CN,physical,illiquid,"Dead: no meaningful volume since about 2014; Chinese wheat is priced by state auctions and the minimum purchase price. No spread uses it, so there is no paper China wheat leg. bbg_root is a PLACEHOLDER."
ZCE:PM,ZCE common wheat,agriculture,wheat,ZCE,CN,PM,ZZPM,Comdty,false,CNY,50,t,CNY/t,1,50,,CN,physical,illiquid,"Dead, as ZCE:WH. The ZCE rice contracts (RI, LR, JR) and DCE japonica rice (RR) are equally dead and are not listed. bbg_root is a PLACEHOLDER."
SHFE:RU,SHFE natural rubber,agriculture,natural_rubber,SHFE,CN,RU,RT,Comdty,false,CNY,10,t,CNY/t,1,10,"1,5,9",CN,physical,active,"Delivers domestic whole-field latex SCR WF and imported RSS3, duty and VAT paid. Lists 10 months (no Feb, no Dec). November is the last contract of the old-crop warrants (they are cancelled each November), so Sep-Jan carries a structural premium. vat_rate 9% and qfi are confidence: low. bbg_root RT best guess."
INE:NR,INE TSR 20 rubber,agriculture,natural_rubber,INE,CN,NR,ZZNR,Comdty,false,CNY,10,t,CNY/t,1,10,,CN,physical,active,"BONDED delivery: the price carries no import duty and no VAT (vat_rate 0), unlike SHFE:RU. Lists every month; main is 1-3 months out and rolls monthly. bbg_root is a PLACEHOLDER."
SHFE:SP,SHFE bleached softwood kraft pulp,agriculture,pulp,SHFE,CN,SP,ZZSP,Comdty,false,CNY,10,t,CNY/t,1,10,"1,5,9",CN,physical,active,"NBSK. Lists all 12 months, hence depth 10 for calendars alone: first candidate to cut to depth 6 with rule adjacent. No liquid offshore paper pulp leg exists (NOREXECO is dormant). foreign_access confidence: low. bbg_root is a PLACEHOLDER."
BMD:FCPO,Bursa Malaysia crude palm oil,agriculture,palm_oil,BMD,MY,FCPO,KO,Comdty,false,MYR,25,t,MYR/t,1,25,,MY,physical,active,"Global palm benchmark, physically delivered, MYR. The benchmark is the THIRD month; the spot month expires on the 15th. Depth 7 so the DCE:P main month (up to 6 months out) is covered. bbg_root KO best guess."
BMD:FSOY,Bursa Malaysia DCE soybean oil (USD),agriculture,soyoil,BMD,MY,FSOY,ZZFSOY,Comdty,false,USD,10,t,USD/t,1,10,,MY,cash,illiquid,"Listed Mar 2024, cash settled in USD against the DCE:Y settlement price. An access proxy for DCE:Y, not an independent price; almost no open interest. Lot size confidence: low. bbg_root is a PLACEHOLDER."
SGX:TF,SGX SICOM TSR 20 rubber,agriculture,natural_rubber,SGX,SG,TF,OR,Comdty,false,USD,5,t,USD/kg,0.01,50,,SG,physical,active,"International TSR 20 benchmark, quoted in US cents per kg (price_scale 0.01). Liquidity sits 2-5 months out. Depth 6 covers the SHFE:RU main-month anchor. bbg_root OR best guess."
OSE:JRU,OSE (ex-TOCOM) RSS3 rubber,agriculture,natural_rubber,OSE,JP,JRU,JN,Comdty,false,JPY,5000,kg,JPY/kg,1,5000,,JP,physical,active,"Moved from TOCOM to OSE in July 2020. Liquidity sits in the FAR (5th-6th) month, so tenor main is the 6th generic: depth 6. bbg_root JN best guess."
CBOT:ZS,CBOT soybeans,agriculture,soybean,CBOT,US,ZS,S,Comdty,false,USD,5000,bu,USD/bu,0.01,50,"1,3,5,7,8,9,11",US,physical,active,"Quoted in US cents per 60 lb bushel (price_scale 0.01). Bloomberg root is the single letter S (ticker 'S 1 Comdty', with a space): the puller must pad one-letter roots. Depth 7 tracks July-November a year ahead. July = old crop, November = new crop."
CBOT:ZM,CBOT soybean meal,agriculture,soymeal,CBOT,US,ZM,SM,Comdty,false,USD,100,st,USD/st,1,100,"1,3,5,7,8,9,10,12",US,physical,active,"48% protein, USD per SHORT ton. No November contract: November beans pair with December products. bbg_root SM."
CBOT:ZL,CBOT soybean oil,agriculture,soyoil,CBOT,US,ZL,BO,Comdty,false,USD,60000,lb,USD/lb,0.01,600,"1,3,5,7,8,9,10,12",US,physical,active,Quoted in US cents per lb (price_scale 0.01). Since 2021 driven by renewable diesel and the RVO as much as by food demand. bbg_root BO.
CBOT:ZC,CBOT corn,agriculture,corn,CBOT,US,ZC,C,Comdty,false,USD,5000,bu,USD/bu,0.01,50,"3,5,7,9,12",US,physical,active,"US cents per 56 lb bushel. One-letter Bloomberg root ('C 1 Comdty'). July = old crop, December = new crop."
CBOT:ZW,CBOT soft red winter wheat,agriculture,wheat,CBOT,US,ZW,W,Comdty,false,USD,5000,bu,USD/bu,0.01,50,"3,5,7,9,12",US,physical,active,US cents per 60 lb bushel. One-letter Bloomberg root ('W 1 Comdty'). July is the first new-crop month for winter wheat. Variable storage rates cap the carry.
CBOT:KE,CBOT KC hard red winter wheat,agriculture,wheat,CBOT,US,KE,KW,Comdty,false,USD,5000,bu,USD/bu,0.01,50,"3,5,7,9,12",US,physical,active,The Kansas City Board of Trade was bought by CME in 2012 and the contract is a CBOT product since 2013. bbg_root KW.
MGEX:MWE,MIAX Futures (ex-MGEX) hard red spring wheat,agriculture,wheat,MGEX,US,MWE,MW,Comdty,false,USD,5000,bu,USD/bu,0.01,50,"3,5,7,9,12",US,physical,active,MGEX was renamed MIAX Futures in 2024 and moved HRS wheat off CME Globex to its own platform in mid-2025: check that Bloomberg still carries MW and that volume survived. confidence: low on current liquidity.
CME:HE,CME lean hogs,agriculture,hogs,CME,US,HE,LH,Comdty,false,USD,40000,lb,USD/cwt,1,400,"2,4,5,6,7,8,10,12",US,cash,active,"Cash settled on the CME Lean Hog Index (CARCASS weight). Quoted in US cents per lb, which is numerically USD per cwt, so quote_unit USD/cwt with price_scale 1. bbg_root LH."
CME:LE,CME live cattle,agriculture,live_cattle,CME,US,LE,LC,Comdty,false,USD,40000,lb,USD/cwt,1,400,"2,4,6,8,10,12",US,physical,active,"Physically delivered fed steers, about 1250-1400 lb. Cents per lb = USD per cwt. bbg_root LC."
CME:GF,CME feeder cattle,agriculture,feeder_cattle,CME,US,GF,FC,Comdty,false,USD,50000,lb,USD/cwt,1,500,"1,3,4,5,8,9,10,11",US,cash,active,Cash settled on the CME Feeder Cattle Index (700-899 lb steers). Moves inversely to corn. bbg_root FC.
ICEUS:CT,ICE cotton No.2,agriculture,cotton,ICEUS,US,CT,CT,Comdty,false,USD,50000,lb,USD/lb,0.01,500,"3,5,7,10,12",ICE_US,physical,active,"US cents per lb. October is thin. July = old crop, December = new crop."
ICEUS:SB,ICE sugar No.11 (raw),agriculture,sugar,ICEUS,US,SB,SB,Comdty,false,USD,112000,lb,USD/lb,0.01,1120,"3,5,7,10",ICE_US,physical,active,"Raw cane sugar FOB, US cents per lb. March-May is the end of the northern crop against the start of the Centre-South Brazil crush."
ICEUS:KC,ICE coffee C (arabica),agriculture,coffee_arabica,ICEUS,US,KC,KC,Comdty,false,USD,37500,lb,USD/lb,0.01,375,"3,5,7,9,12",ICE_US,physical,active,"Washed arabica, US cents per lb."
ICEUS:CC,ICE New York cocoa,agriculture,cocoa,ICEUS,US,CC,CC,Comdty,false,USD,10,t,USD/t,1,10,"3,5,7,9,12",ICE_US,physical,active,USD per tonne. Open interest has shrunk a lot since the 2024 squeeze and margin increases.
ICEUS:RS,ICE canola,agriculture,rapeseed,ICEUS,CA,RS,RS,Comdty,false,CAD,20,t,CAD/t,1,20,"1,3,5,7,11",ICE_US,physical,active,"CAD per tonne, delivered Saskatchewan. Moved from ICE Futures Canada to ICE Futures US in 2018. Subsector rapeseed so it pairs with Matif. The exchange code RS collides with ZCE rapeseed; the ids do not."
ICE:W,ICE London white sugar No.5,agriculture,sugar,ICE,GB,W,QW,Comdty,false,USD,50,t,USD/t,1,50,"3,5,8,10,12",ICE_EU,physical,active,"Refined sugar FOB, USD per tonne. August and December have no No.11 twin (desk pairs Aug with July raws, Dec with March). bbg_root QW best guess."
ICE:RC,ICE London robusta coffee,agriculture,coffee_robusta,ICE,GB,RC,DF,Comdty,false,USD,10,t,USD/t,1,10,"1,3,5,7,9,11",ICE_EU,physical,active,USD per tonne. bbg_root DF best guess.
ICE:C,ICE London cocoa,agriculture,cocoa,ICE,GB,C,QC,Comdty,false,GBP,10,t,GBP/t,1,10,"3,5,7,9,12",ICE_EU,physical,active,GBP per tonne. bbg_root QC best guess.
EURONEXT:EBM,Euronext (Matif) milling wheat No.2,agriculture,wheat,EURONEXT,FR,EBM,CA,Comdty,false,EUR,50,t,EUR/t,1,50,"3,5,9,12",EURONEXT,physical,active,"EUR per tonne, delivered Rouen. Only Mar, May, Sep, Dec are listed, so depth 4 is a full year. bbg_root CA best guess."
EURONEXT:EMA,Euronext (Matif) corn,agriculture,corn,EURONEXT,FR,EMA,EP,Comdty,false,EUR,50,t,EUR/t,1,50,"3,6,8,11",EURONEXT,physical,active,"EUR per tonne. Lists Mar, Jun, Aug, Nov. Much thinner than milling wheat. bbg_root EP best guess."
EURONEXT:ECO,Euronext (Matif) rapeseed,agriculture,rapeseed,EURONEXT,FR,ECO,IJ,Comdty,false,EUR,50,t,EUR/t,1,50,"2,5,8,11",EURONEXT,physical,active,"EUR per tonne. Lists Feb, May, Aug, Nov. bbg_root IJ best guess."
ZCE:PF,ZCE polyester staple fibre,chemicals,psf,ZCE,CN,PF,ZZPF,Comdty,false,CNY,5,t,CNY/t,1,5,,CN,physical,active,1.4D direct-spun cotton-type staple. Main contract rolls roughly monthly; cycle confidence: low. Opened to overseas traders in 2026 per the user's list (confidence: low). bbg_root is a PLACEHOLDER.
SHFE:BR,SHFE butadiene rubber,chemicals,butadiene_rubber,SHFE,CN,BR,ZZBR,Comdty,false,CNY,5,t,CNY/t,1,5,,CN,physical,active,"Cis-polybutadiene BR9000, listed 28 Jul 2023. Main contract rolls roughly monthly. Feedstock butadiene has no future. bbg_root is a PLACEHOLDER."
DCE:L,DCE LLDPE,chemicals,lldpe,DCE,CN,L,POL,Comdty,true,CNY,5,t,CNY/t,1,5,"1,5,9",CN,physical,active,"POL1 confirmed by the legacy code. Physically delivered, VAT-inclusive. On the Sep 2022 QFI list (from memory; confidence: low). China import duty 6.5%."
DCE:PP,DCE polypropylene,chemicals,polypropylene,DCE,CN,PP,PYL,Comdty,true,CNY,5,t,CNY/t,1,5,"1,5,9",CN,physical,active,PYL1 confirmed by the legacy code. Raffia-grade homopolymer. foreign_access confidence: low (may have joined a later QFI batch). Import duty 6.5%.
DCE:V,DCE PVC,chemicals,pvc,DCE,CN,V,PVC,Comdty,false,CNY,5,t,CNY/t,1,5,"1,5,9",CN,physical,active,SG-5 suspension resin; in practice the carbide-route (coal and power) price. bbg_root PVC is a best guess from memory. foreign_access confidence: low. Import duty 6.5%.
DCE:EG,DCE ethylene glycol,chemicals,meg,DCE,CN,EG,ZZEG,Comdty,false,CNY,10,t,CNY/t,1,10,"1,5,9",CN,physical,active,10 t lot. About 40% of Chinese supply is coal-based (syngas route). bbg_root is a PLACEHOLDER. foreign_access qfi (2025 batch) confidence: low. Import duty 5.5%.
DCE:EB,DCE styrene,chemicals,styrene,DCE,CN,EB,ZZEB,Comdty,false,CNY,5,t,CNY/t,1,5,,CN,physical,active,No 1/5/9 cycle: the main contract is 1-2 months out and rolls every month. bbg_root is a PLACEHOLDER. foreign_access confidence: low. Import duty 2%.
DCE:BZ,DCE pure benzene,chemicals,benzene,DCE,CN,BZ,ZZBZ,Comdty,false,CNY,30,t,CNY/t,1,30,,CN,physical,active,"Listed 8 Jul 2025, first contract BZ2603, 30 t lot (6 EB lots = 1 BZ lot tonne for tonne). Main-contract cycle confidence: low (assumed near-monthly like styrene). bbg_root is a PLACEHOLDER. Import duty 2%."
ZCE:PX,ZCE paraxylene,chemicals,paraxylene,ZCE,CN,PX,ZZPX,Comdty,false,CNY,5,t,CNY/t,1,5,"1,5,9",CN,physical,active,Listed 15 Sep 2023. Cycle follows PTA but the 03 and 11 contracts have led at times: active_months confidence: low. Opened to overseas traders in 2026 per the user's list (not checked; confidence: low). bbg_root is a PLACEHOLDER. Import duty 2%.
ZCE:TA,ZCE PTA,chemicals,pta,ZCE,CN,TA,PT,Comdty,false,CNY,5,t,CNY/t,1,5,"1,5,9",CN,physical,active,The most oil-sensitive Chinese chemical and the Asian PTA benchmark. Open to overseas traders since 30 Nov 2018. bbg_root PT is a best guess from memory. Import duty 6.5% (irrelevant: China is a net exporter).
ZCE:PR,ZCE PET bottle chip,chemicals,pet_resin,ZCE,CN,PR,ZZPR,Comdty,false,CNY,15,t,CNY/t,1,15,,CN,physical,active,"Listed 30 Aug 2024, 15 t lot, water-bottle grade. Main contract rolls roughly monthly; cycle confidence: low. Opened to overseas traders in 2026 per the user's list (confidence: low). bbg_root is a PLACEHOLDER."
ZCE:MA,ZCE methanol,chemicals,methanol,ZCE,CN,MA,ZME,Comdty,false,CNY,10,t,CNY/t,1,10,"1,5,9",CN,physical,active,Code was ME (50 t lot) before the 2014-15 contract change: history before MA1506 is a different contract. On the Sep 2022 QFI list (confidence: low). bbg_root ZME is a best guess from memory. Import duty 5.5% MFN; most non-Iranian origins pay 0% under FTAs.
ZCE:UR,ZCE urea,chemicals,urea,ZCE,CN,UR,ZZUR,Comdty,false,CNY,20,t,CNY/t,1,20,"1,5,9",CN,physical,active,"Listed Aug 2019. Fertiliser VAT is 9%. Exports are gated by customs inspection and quota since Oct 2021, so the offshore link opens and shuts by policy. bbg_root is a PLACEHOLDER. foreign_access confidence: low."
ZCE:SA,ZCE soda ash,chemicals,soda_ash,ZCE,CN,SA,ZZSA,Comdty,false,CNY,20,t,CNY/t,1,20,"1,5,9",CN,physical,active,"Heavy soda ash, listed Dec 2019. One of the most speculative Chinese contracts. bbg_root is a PLACEHOLDER. foreign_access qfi (2025 batch) confidence: low."
ZCE:SH,ZCE caustic soda,chemicals,caustic_soda,ZCE,CN,SH,ZZSH,Comdty,false,CNY,30,t,CNY/t,1,30,"1,5,9",CN,physical,active,"Listed 15 Sep 2023. Deliverable is 32% liquid caustic but the price is per tonne of 100% NaOH (dry basis), so it compares directly with spot quotes on the 100% basis, not with 32% liquid prices. Non-cycle months have led at times: active_months confidence: low. bbg_root is a PLACEHOLDER."
ZCE:PL,ZCE propylene,chemicals,propylene,ZCE,CN,PL,ZZPL,Comdty,false,CNY,20,t,CNY/t,1,20,,CN,physical,active,"Listed 22 Jul 2025, first contract PL2601, 20 t lot. Missing from the user's list. Main-contract cycle confidence: low (assumed near-monthly). bbg_root is a PLACEHOLDER."
DCE:LF,DCE LLDPE monthly average,chemicals,lldpe,DCE,CN,LF,ZZLF,Comdty,false,CNY,5,t,CNY/t,1,5,,CN,cash,illiquid,"Real exchange code is L<yymm>F (the user's list writes L_F; '_' is not allowed in an id). Listed Oct 2025 (date confidence: low), cash settled on the mean of DCE:L daily settlements. No spread uses it: by construction it is the average of DCE:L. bbg_root is a PLACEHOLDER."
DCE:VF,DCE PVC monthly average,chemicals,pvc,DCE,CN,VF,ZZVF,Comdty,false,CNY,5,t,CNY/t,1,5,,CN,cash,illiquid,Real exchange code is V<yymm>F. Cash settled on the mean of DCE:V settlements. No spread uses it. bbg_root is a PLACEHOLDER.
DCE:PPF,DCE polypropylene monthly average,chemicals,polypropylene,DCE,CN,PPF,ZZPPF,Comdty,false,CNY,5,t,CNY/t,1,5,,CN,cash,illiquid,Real exchange code is PP<yymm>F. Cash settled on the mean of DCE:PP settlements. No spread uses it. bbg_root is a PLACEHOLDER.
NYMEX:MBE,NYMEX Mont Belvieu ethylene (PCW) financial,chemicals,ethylene,NYMEX,US,MBE,ZZMBE,Comdty,false,USD,100000,lb,USD/lb,1,100000,,US,cash,active,"Cash settled on the monthly mean of the PCW Mont Belvieu ethylene assessment; 100,000 lb lot. CME quotes dollars per lb; if Bloomberg shows cents, price_scale must become 0.01 (confidence: low). Real but thin open interest, mostly cleared blocks, concentrated in the first 3-6 months. Missing from the user's list. bbg_root is a PLACEHOLDER."
NYMEX:PGP,NYMEX Mont Belvieu polymer grade propylene (PCW) financial,chemicals,propylene,NYMEX,US,PGP,ZZPGP,Comdty,false,USD,100000,lb,USD/lb,1,100000,,US,cash,active,"Cash settled on the monthly mean of the PCW PGP assessment; 100,000 lb lot. price_scale caveat as NYMEX:MBE. Thin, cleared blocks; the most used US petrochemical hedge after ethylene. Missing from the user's list. bbg_root is a PLACEHOLDER."
NYMEX:P6,NYMEX LLDPE (PCW) financial,chemicals,lldpe,NYMEX,US,P6,ZZP6,Comdty,false,USD,47000,lb,USD/lb,1,47000,,US,cash,illiquid,"Dead: no open interest for years. Reference only, no spread uses it. contract_size confidence: low. bbg_root is a PLACEHOLDER."
NYMEX:P1,NYMEX polypropylene (PCW) financial,chemicals,polypropylene,NYMEX,US,P1,ZZP1,Comdty,false,USD,47000,lb,USD/lb,1,47000,,US,cash,illiquid,"Dead: no open interest for years. Reference only, no spread uses it. contract_size confidence: low. bbg_root is a PLACEHOLDER."
CBOT:UFV,CBOT urea (granular) FOB US Gulf,chemicals,urea,CBOT,US,UFV,ZZUFV,Comdty,false,USD,100,st,USD/st,1,100,,US,cash,active,"Cash settled on the monthly mean of the NOLA barge assessments; quoted per SHORT ton. The most liquid listed fertiliser contract (cleared blocks; open interest in the low tens of thousands of lots, confidence: low). bbg_root is a PLACEHOLDER."
CBOT:UME,CBOT urea (granular) FOB Middle East,chemicals,urea,CBOT,US,UME,ZZUME,Comdty,false,USD,100,t,USD/t,1,100,,US,cash,active,"Cash settled, per metric tonne. The export-parity comparator for Chinese urea (both sell into India and South-East Asia). Thin: marked active so the ZCE spread has data, but check open interest on the terminal; set illiquid if the curve is not marked daily. confidence: low. bbg_root is a PLACEHOLDER."
CBOT:UFB,CBOT urea (granular) CFR Brazil,chemicals,urea,CBOT,US,UFB,ZZUFB,Comdty,false,USD,100,t,USD/t,1,100,,US,cash,active,"Cash settled, per metric tonne. Code UFB from a web search of CME pages. Growing but thin open interest; confidence: low. Missing from the user's list. bbg_root is a PLACEHOLDER."
CBOT:UFE,CBOT urea (granular) FOB Egypt,chemicals,urea,CBOT,US,UFE,ZZUFE,Comdty,false,USD,100,t,USD/t,1,100,,US,cash,illiquid,Cash settled. European supply point; open interest very small. Marked illiquid without checking current open interest. bbg_root is a PLACEHOLDER.
CBOT:UFN,CBOT UAN 32% FOB NOLA,chemicals,uan,CBOT,US,UFN,ZZUFN,Comdty,false,USD,100,st,USD/st,1,100,,US,cash,active,"Cash settled, per short ton of 32% N solution. Thin. exchange_code confidence: low: UFN is from memory, a web search summary suggested UNO. bbg_root is a PLACEHOLDER."
CBOT:DFL,CBOT DAP FOB NOLA,chemicals,dap,CBOT,US,DFL,ZZDFL,Comdty,false,USD,100,st,USD/st,1,100,,US,cash,active,"Cash settled, per short ton. Thin. exchange_code confidence: low: DFL is from memory, a web search summary suggested DFN. bbg_root is a PLACEHOLDER."
SGX:MEGF,SGX ICIS MEG CFR China futures,chemicals,meg,SGX,SG,MEGF,ZZMEGF,Comdty,false,USD,100,t,USD/t,1,100,,SG,cash,illiquid,"Cash settled on the monthly mean of ICIS MEG CFR China Main Ports. No real open interest: a reference price, not a tradable leg. exchange_code confidence: low (the user's list writes MEG). bbg_root is a PLACEHOLDER."
SGX:PXF,SGX Platts PX CFR Taiwan/China futures,chemicals,paraxylene,SGX,SG,PXF,ZZPXF,Comdty,false,USD,100,t,USD/t,1,100,,SG,cash,illiquid,Cash settled on the monthly mean of Platts PX CFR Taiwan/China. No real open interest. exchange_code and contract_size confidence: low. bbg_root is a PLACEHOLDER.
SGX:MTF,SGX Platts methanol CFR China futures,chemicals,methanol,SGX,SG,MTF,ZZMTF,Comdty,false,USD,100,t,USD/t,1,100,,SG,cash,illiquid,Cash settled on the monthly mean of Platts methanol CFR China. No real open interest. exchange_code and contract_size confidence: low. bbg_root is a PLACEHOLDER.
SGX:BZF,SGX Platts benzene FOB Korea futures,chemicals,benzene,SGX,SG,BZF,ZZBZF,Comdty,false,USD,100,t,USD/t,1,100,,SG,cash,illiquid,"Dormant; reference only, no spread uses it. exchange_code and contract_size confidence: low. bbg_root is a PLACEHOLDER."
SGX:SMCF,SGX ICIS styrene monomer CFR China futures,chemicals,styrene,SGX,SG,SMCF,ZZSMCF,Comdty,false,USD,100,t,USD/t,1,100,,SG,cash,illiquid,"Dormant; reference only, no spread uses it. exchange_code confidence: low. bbg_root is a PLACEHOLDER."
NYMEX:C0,NYMEX Mont Belvieu ethane (OPIS),energy,ethane,NYMEX,US,C0,ZZC0,Comdty,false,USD,42000,gal,USD/gal,1,42000,,US,cash,active,"EXTERNAL LEG, NOT YET IN research/energy: energy should adopt it. Cash-settled monthly-average swap future, dollars per gallon (price_scale caveat as NYMEX:B0), 2.97 lb per gal. Feedstock of the US ethane cracker margin. bbg_root is a PLACEHOLDER."
SHFE:OP,SHFE offset printing paper,agriculture,offset_paper,SHFE,CN,OP,ZZOP,Comdty,false,CNY,40,t,CNY/t,1,40,,CN,physical,active,"Uncoated woodfree (double offset) paper, listed 10 Sep 2025, 40 t per lot. In the user's list; added by the housekeeper at merge. Young contract: liquidity, main-contract cycle and foreign_access confidence: low. bbg_root is a PLACEHOLDER."
OSE:JAU,OSE gold standard,metals,gold,OSE,JP,JAU,JG,Comdty,false,JPY,1000,g,JPY/g,1,1000,"2,4,6,8,10,12",JP,physical,active,"Moved from TOCOM to the Osaka Exchange in July 2020. 1 kg per lot, yen per gram. Six even months are listed and the FARTHEST (about 12 months out) holds the open interest, so tenor main is a year-out contract. Added by the housekeeper after the coverage check. bbg_root JG is a best guess."
OSE:JPL,OSE platinum standard,metals,platinum,OSE,JP,JPL,JA,Comdty,false,JPY,500,g,JPY/g,1,500,"2,4,6,8,10,12",JP,physical,active,"Moved from TOCOM to the Osaka Exchange in July 2020. 500 g per lot, yen per gram; one of the two platinum futures markets that matter. Main contract is the farthest listed month. Added by the housekeeper after the coverage check. bbg_root JA is a best guess."
CBOT:ZO,CBOT oats,agriculture,oats,CBOT,US,ZO,O,Comdty,false,USD,5000,bu,USD/bu,0.01,50,"3,5,7,9,12",US,physical,active,Quoted in US cents per bushel (price_scale 0.01). Thin: open interest a few thousand lots. In the user's list; added by the housekeeper after the line-by-line coverage check. One-letter Bloomberg root (O 1 Comdty): best guess.
CBOT:ZR,CBOT rough rice,agriculture,rough_rice,CBOT,US,ZR,RR,Comdty,false,USD,2000,cwt,USD/cwt,1,2000,"1,3,5,7,9,11",US,physical,active,"Dollars per hundredweight. The only liquid rice future anywhere; every Chinese rice contract is dead, so calendars only. Added by the housekeeper after the coverage check. bbg_root RR is a best guess."
ICEUS:OJ,ICE frozen concentrated orange juice (FCOJ-A),agriculture,orange_juice,ICEUS,US,OJ,JO,Comdty,false,USD,15000,lb,USD/lb,0.01,150,"1,3,5,7,9,11",ICE_US,physical,active,Quoted in US cents per lb (price_scale 0.01). No Chinese or other paper pair: calendars only. Added by the housekeeper after the coverage check. bbg_root JO is a best guess.
