Account,ALT_SRC,Base Currency,BB Industry Group,BB Industry Sector,BB Industry Subgroup,BB_YK_IDENTIFIER,Bloomberg Identifier,Business Unit,Column 2,Cost,CounterParty,Currency,CUSIP,Desk,DTD BankDebt Interest,DTD Bond Interest P&L,DTD CDS Interest,DTD Cost TransFx,DTD Dividend Interest P&L,DTD External Financing PL,DTD FC Adjustment P&L,DTD Miscellaneous PL,DTD Non Trading PL,DTD Private Fixed Income,DTD REPO Interest,DTD Swap Interest,DTD Total P&L,DTD Total P&L %,DTD Trading P&L,End Date Accr Base Balance,End Date Accr Local Balance,End Date Dirty MV,Executing Counterparty,Financial Type,FiscalYearEndMonth,FSV LEVEL,Fund,Fund Group,Fund Group Description,Future Master Description,Fx,ID_BB_GLOBAL,ID_BB_Unique,ISIN,Issuer Name NM,Issuer Country,Issuer Region,Loan Amount,LOANXID,Local Cost,Market Value %,Market Value Base + Accrued Base Balance,Market Value Local + Accrued Local Balance,Market Value Base,Market Value Local,MTD BankDebt Interest,MTD Bond Interest P&L,MTD CDS Interest,MTD Cost TransFx,MTD Dividend Interest P&L,MTD External Financing PL,MTD FC Adjustment P&L,MTD Miscellaneous PL,MTD Non Trading PL,MTD Private Fixed Income,MTD REPO Interest,MTD Swap Interest,MTD Total P&L,MTD Total P&L %,MTD Trading P&L,NM Strategy,PB Root,PB Country,PB Country Desc,PB Description,Position,Position Block,Previous Month End Market Value Base,Previous Month End Market Value Local,Previous Year End Market Value Base,Previous Year End Market Value Local,Price,PriceSource,Primary Exchange,Prior Day NAV Estimate,Prior Month End NAV Estimate,Prior Month End Price,Prior Year End NAV Estimate,Prior Year End Price,QTD BankDebt Interest,QTD Bond Interest P&L,QTD CDS Interest,QTD Cost TransFx,QTD Dividend Interest P&L,QTD External Financing PL,QTD Miscellaneous PL,QTD Non Trading PL,QTD Private Fixed Income,QTD REPO Interest,QTD Swap Interest,QTD Total P&L,QTD Total P&L %,QTD Trading P&L,Quantity,Related Security,SEDOL,Side Pocket,Start Date Accr Base Balance,Start Date Accr Local Balance,Start Date Dirty MV,Strategy,Symbol,Symbol Description,Total Return Swap,Trade Factor,Trader Name,TRS Quantity,Ultimate Issuer Description,Ultimate Issuer,Underlying ISIN,YTD BankDebt Interest,YTD Bond Interest P&L,YTD CDS Interest,YTD Cost TransFx,YTD Dividend Interest P&L,YTD External Financing PL,YTD FC Adjustment P&L,YTD Miscellaneous PL,YTD Non Trading PL,YTD Private Fixed Income,YTD REPO Interest,YTD Swap Interest,YTD Total P&L,YTD Total P&L %,YTD Trading P&L,Unnamed: 136
BNPP-IPB-NMMF,,USD,,,,USD Curncy,USD,NMMF,,-222.82072925,PARIUK,DOL.C-USAA,,NMCL,0,0,0,0,0,0,0,0.0,0,0,0,0,0.0,0.0,0.0,0,0,-222.82072925,,CURRENCY,12,,NMMF,,,,1.0,,IX244867-0,,United States CCY,US,North America,0,,-222.82072925,-2.94e-05,-222.82072925,-222.82072925,-222.82072925,-222.82072925,0,0,0,0,0,0,0,0.0,0,0,0,0,0.0,0.0,0.0,HAHY7,HAHY7,XX,,New PB,-222.82072925,HAHY7:XXNMMFNMCL0001,-222.82072925,-222.82072925,0,0,1.0,BloombergBFIX,,2149429186,2088428191,1.0,1461916275,,0,0,0,0,0,0,-222.82072925,0,0,0,0,-222.82072925,-0.000434194,0.0,-222.82072925,,,,0,0,-222.82072925,Hybrid,DOL.C-USAA,UNITED STATES DOLLARS,0,1.0,Sample Trader,0,,,,0,0,0,0,0,0,0,-222.82072925,0,0,0,0,-222.82072925,-0.000178434,0.0,
BNPP-IPB-NMMF,420815619.0,USD,,,,,,NMMF,,-616458.7134,PARIUK,TRY.C-TIAA,,NMCL,0,0,0,0,0,0,0,0.0,0,0,0,0,330.88995539999996,-0.028661296,330.88995539999996,0,0,2778.0573035999996,,FORWARD,12,,NMMF,,,,0.020877,,,,,,,0,,-29527497.0,0.000213665,2778.0573035999996,133065.0,2778.0573035999996,133065.0,0,0,0,0,0,0,0,0.0,0,0,0,0,2778.0573035999996,0.013550061,2778.0573035999996,HAHY7,HAHY7,XX,,New PB,-600000.0,HAHY7:XXNMMFNMCL0001,0.0,0.0,0,0,48.99072,BloombergBVAL,,2149429186,2088428191,,1461916275,,0,0,0,0,0,0,0.0,0,0,0,0,2778.0573035999996,0.003157813,2778.0573035999996,-600000.0,,,,0,0,2447.1673476,Hybrid,USDTRY091626-900000001,TD 08/03/2026 VD 09/16/2026 SELL USD VS .BUY TRY @ 49.21249500,0,1.0,Sample Trader,0,,,,0,0,0,0,0,0,0,0.0,0,0,0,0,2778.0573035999996,0.001297716,2778.0573035999996,
BNPP-IPB-NMMF,420815621.0,USD,,,,,,NMMF,,-462354.39765,PARIUK,TRY.C-TIAA,,NMCL,0,0,0,0,0,0,0,0.0,0,0,0,0,248.1645627,-0.028660961,248.1645627,0,0,2093.9054975999998,,FORWARD,12,,NMMF,,,,0.020877,,,,,,,0,,-22146119.0,0.000214728,2093.9054975999998,100295.1,2093.9054975999998,100295.1,0,0,0,0,0,0,0,0.0,0,0,0,0,2093.9054975999998,0.013617452,2093.9054975999998,HAHY7,HAHY7,XX,,New PB,-450000.0,HAHY7:XXNMMFNMCL0001,0.0,0.0,0,0,48.99072,BloombergBVAL,,2149429186,2088428191,,1461916275,,0,0,0,0,0,0,0.0,0,0,0,0,2093.9054975999998,0.003173518,2093.9054975999998,-450000.0,,,,0,0,1845.7409353500002,Hybrid,USDTRY091626-900000002,TD 08/03/2026 VD 09/16/2026 SELL USD VS .BUY TRY @ 49.21359800,0,1.0,Sample Trader,0,,,,0,0,0,0,0,0,0,0.0,0,0,0,0,2093.9054975999998,0.00130417,2093.9054975999998,
BNPP-IPBFX-NMMF,128960.0,USD,,,,,,NMMF,,-4745314.4104,PARIUK,BRL.C-BSAA,,NMCL,0,0,0,0,0,0,0,0.0,0,0,0,0,28837.41148,-1.873396841,28837.41148,0,0,-84116.62128,,FORWARD,12,,NMMF,,,,0.19233,,,,,,,0,,-24672835.0,-0.004852163,-84116.62128,-437356.80192,-84116.62128,-437356.80192,0,0,0,0,0,0,0,0.0,0,0,0,0,-95490.25096,-0.349317494,-95490.25096,HAHY7,HAHY7,XX,,New PB,-4800000.0,HAHY7:XXNMMFNMCL0001,11373.629664,57718.895808,0,0,5.23129,BloombergBVAL,,2149429186,2088428191,5.128149,1461916275,,0,0,0,0,0,0,0.0,0,0,0,0,-84116.62128,-0.071711411,-84116.62128,-4800000.0,,,,0,0,-112954.0328,Hybrid,USDBRL091626-900000003,TD 07/23/2026 VD 09/16/2026 SELL USD VS .BUY BRL @ 5.14017400,0,1.0,Sample Trader,0,,,,0,0,0,0,0,0,0,0.0,0,0,0,0,-84116.62128,-0.029470088,-84116.62128,
BNPP-IPBFX-NMMF,420815449.0,USD,,,,,,NMMF,,-495359.56975,PARIUK,BRL.C-BSAA,,NMCL,0,0,0,0,0,0,0,0.0,0,0,0,0,3009.503055,-0.625631023,3009.503055,0,0,-7706.162815,,FORWARD,12,,NMMF,,,,0.19233,,,,,,,0,,-2575578.0,-0.001422465,-7706.162815,-40067.5,-7706.162815,-40067.5,0,0,0,0,0,0,0,0.0,0,0,0,0,-9956.94117,-0.116556694,-9956.94117,HAHY7,HAHY7,XX,,New PB,-500000.0,HAHY7:XXNMMFNMCL0001,2250.77835575,11422.25,0,0,5.23129,BloombergBVAL,,2149429186,2088428191,5.128311,1461916275,,0,0,0,0,0,0,0.0,0,0,0,0,-7706.162815,-0.021022996,-7706.162815,-500000.0,,,,0,0,-10715.6658675,Hybrid,USDBRL091626-900000004,TD 07/30/2026 VD 09/16/2026 SELL USD VS .BUY BRL @ 5.15115500,0,1.0,Sample Trader,0,,,,0,0,0,0,0,0,0,0.0,0,0,0,0,-7706.162815,-0.008639483,-7706.162815,
BNPP-IPBFX-NMMF,420815849.0,USD,,,,,,NMMF,,1008438.8425,PARIUK,CAD.C-CNAA,,NMCL,0,0,0,0,0,0,0,0.0,0,0,0,0,115.591005,-0.012014827,115.591005,0,0,-9620.773155,,FORWARD,12,,NMMF,,,,0.72069,,,,,,,0,,1399269.0,-0.00088794,-9620.773155,-13349.4,-9620.773155,-13349.4,0,0,0,0,0,0,0,0.0,0,0,0,0,-9620.773155,-0.056310743,-9620.773155,HAHY7,HAHY7,XX,,New PB,1000000.0,HAHY7:XXNMMFNMCL0001,0.0,0.0,0,0,1.38592,BloombergBVAL,,2149429186,2088428191,,1461916275,,0,0,0,0,0,0,0.0,0,0,0,0,-9620.773155,-0.013123099,-9620.773155,1000000.0,,,,0,0,-9736.36416,Hybrid,USDCAD091626-900000005,TD 08/06/2026 VD 09/16/2026 SELL CAD VS .BUY USD @ 1.39926940,0,1.0,Sample Trader,0,,,,0,0,0,0,0,0,0,0.0,0,0,0,0,-9620.773155,-0.00539299,-9620.773155,
BNPP-IPBFX-NMMF,420815861.0,USD,,,,,,NMMF,,705849.9308,PARIUK,CAD.C-CNAA,,NMCL,0,0,0,0,0,0,0,0.0,0,0,0,0,80.91205255,-0.012014582,80.91205255,0,0,-6677.282423,,FORWARD,12,,NMMF,,,,0.72069,,,,,,,0,,979409.0,-0.00088039,-6677.282423,-9265.13,-6677.282423,-9265.13,0,0,0,0,0,0,0,0.0,0,0,0,0,-6677.282423,-0.055831975,-6677.282423,HAHY7,HAHY7,XX,,New PB,700000.0,HAHY7:XXNMMFNMCL0001,0.0,0.0,0,0,1.38592,BloombergBVAL,,2149429186,2088428191,,1461916275,,0,0,0,0,0,0,0.0,0,0,0,0,-6677.282423,-0.013011523,-6677.282423,700000.0,,,,0,0,-6758.194477999999,Hybrid,USDCAD091626-900000006,TD 08/06/2026 VD 09/16/2026 SELL CAD VS .BUY USD @ 1.39915590,0,1.0,Sample Trader,0,,,,0,0,0,0,0,0,0,0.0,0,0,0,0,-6677.282423,-0.005347137,-6677.282423,
BNPP-IPBFX-NMMF,128939.0,USD,,,,,,NMMF,,2088381.9215999998,PARIUK,CHF.C-SWAA,,NMCL,0,0,0,0,0,0,0,0.0,0,0,0,0,-3400.0080215999997,0.294504671,-3400.0080215999997,0,0,5304.4678284,,FORWARD,12,,NMMF,,,,1.232164,,,,,,,0,,1694889.0,0.000407976,5304.4678284,4305.0,5304.4678284,4305.0,0,0,0,0,0,0,0,0.0,0,0,0,0,11905.337045999999,0.05806865,11905.337045999999,HAHY7,HAHY7,XX,,New PB,2100000.0,HAHY7:XXNMMFNMCL0001,-6600.8692200000005,-5335.482589799999,0,0,0.80914,BloombergBVAL,,2149429186,2088428191,0.804549,1461916275,,0,0,0,0,0,0,0.0,0,0,0,0,5304.4678284,0.006029579,5304.4678284,2100000.0,,,,0,0,8704.475849999999,Hybrid,USDCHF091626-900000007,TD 07/22/2026 VD 09/16/2026 SELL CHF VS .BUY USD @ 0.80709000,0,1.0,Sample Trader,0,,,,0,0,0,0,0,0,0,0.0,0,0,0,0,5304.4678284,0.002477879,5304.4678284,
BNPP-IPBFX-NMMF,128942.0,USD,,,,,,NMMF,,1342647.675,PARIUK,CHF.C-SWAA,,NMCL,0,0,0,0,0,0,0,0.0,0,0,0,0,-2185.9271064,0.252456559,-2185.9271064,0,0,3293.5754947500004,,FORWARD,12,,NMMF,,,,1.232164,,,,,,,0,,1089666.0,0.000337753,3293.5754947500004,2673.0,3293.5754947500004,2673.0,0,0,0,0,0,0,0,0.0,0,0,0,0,7653.935727000001,0.049776412,7653.935727000001,HAHY7,HAHY7,XX,,New PB,1350000.0,HAHY7:XXNMMFNMCL0001,-4360.36023225,-3524.4791757000003,0,0,0.80914,BloombergBVAL,,2149429186,2088428191,0.804549,1461916275,,0,0,0,0,0,0,0.0,0,0,0,0,3293.5754947500004,0.004991735,3293.5754947500004,1350000.0,,,,0,0,5479.5026025,Hybrid,USDCHF091626-900000008,TD 07/22/2026 VD 09/16/2026 SELL CHF VS .BUY USD @ 0.80716000,0,1.0,Sample Trader,0,,,,0,0,0,0,0,0,0,0.0,0,0,0,0,3293.5754947500004,0.002051373,3293.5754947500004,
BNPP-IPBFX-NMMF,,USD,,,,USD Curncy,USD,NMMF,,-386.40712,PARIUK,DOL.C-USAA,,NMCL,0,0,0,0,0,0,0,0.0,0,0,0,0,0.0,0.0,0.0,0,0,-386.40712,,CURRENCY,12,,NMMF,,,,1.0,,IX244867-0,,United States CCY,US,North America,0,,-386.40712,-2.23e-05,-386.40712,-386.40712,-386.40712,-386.40712,0,0,0,0,0,0,0,0.0,0,0,0,0,0.0,0.0,0.0,HAHY7,HAHY7,XX,,New PB,-386.40712,HAHY7:XXNMMFNMCL0001,-386.40712,-386.40712,0,0,1.0,BloombergBFIX,,2149429186,2088428191,1.0,1461916275,,0,0,0,0,0,0,0.0,0,0,0,0,-22285.20512,-0.018998665,-22285.20512,-386.40712,,,,0,0,-386.40712,Hybrid,DOL.C-USAA,UNITED STATES DOLLARS,0,1.0,Sample Trader,0,,,,0,0,0,0,0,0,0,0.0,0,0,0,0,-22285.20512,-0.007807577,-22285.20512,
BNPP-IPBFX-NMMF,128949.0,USD,,,,,,NMMF,,500000.0,PARIUK,DOL.C-USAA,,NMCL,0,0,0,0,0,0,0,0.0,0,0,0,0,1455.88040075,-0.30265593,1455.88040075,0,0,6617.8328225,,FORWARD,12,,NMMF,,,,1.0,,,,,,,0,,500000.0,0.001221573,6617.8328225,6617.8328225,6617.8328225,6617.8328225,0,0,0,0,0,0,0,0.0,0,0,0,0,4831.9020725,0.056562605,4831.9020725,HAHY7,HAHY7,XX,,New PB,713666.86325,HAHY7:XXNMMFNMCL0001,1785.93075,1785.93075,0,0,0.70988,BloombergBVAL,,2149429186,2088428191,0.703109,1461916275,,0,0,0,0,0,0,0.0,0,0,0,0,6617.8328225,0.018053949,6617.8328225,713666.86325,,,,0,0,5161.9524225,Hybrid,AUDUSD091626-900000009,TD 07/23/2026 VD 09/16/2026 SELL USD VS .BUY AUD @ 0.70060700,0,1.0,Sample Trader,0,,,,0,0,0,0,0,0,0,0.0,0,0,0,0,6617.8328225,0.007419342,6617.8328225,
BNPP-IPBFX-NMMF,,USD,,,,,,NMMF,,-1000000.0,PARIUK,DOL.C-USAA,,NMCL,0,0,0,0,0,0,0,0.0,0,0,0,0,-2936.5574045,0.305233353,-2936.5574045,0,0,-21864.397265,,FORWARD,12,,NMMF,,,,1.0,,,,,,,0,,-1000000.0,-0.002017953,-21864.397265,-21864.397265,-21864.397265,-21864.397265,0,0,0,0,0,0,0,0.0,0,0,0,0,-9781.781765,-0.057253132,-9781.781765,HAHY7,HAHY7,XX,,New PB,-1439488.924,HAHY7:XXNMMFNMCL0001,-12082.6155,-12082.6155,0,0,0.70988,BloombergBVAL,,2149429186,2088428191,0.703085,1461916275,,0,0,0,0,0,0,0.0,0,0,0,0,-21864.397265,-0.029823866,-21864.397265,-1439488.924,,,,0,0,-18927.83986,Hybrid,AUDUSD091626-900000010,TD 07/30/2026 VD 09/16/2026 SELL AUD VS .BUY USD @ 0.69469100,0,1.0,Sample Trader,0,,,,0,0,0,0,0,0,0,0.0,0,0,0,0,-21864.397265,-0.012256236,-21864.397265,
BNPP-IPBFX-NMMF,129026.0,USD,,,,,,NMMF,,349999.998915,PARIUK,DOL.C-USAA,,NMCL,0,0,0,0,0,0,0,0.0,0,0,0,0,183.84219629999998,-0.027298617,183.84219629999998,0,0,4977.833868,,FORWARD,12,,NMMF,,,,1.0,,,,,,,0,,350000.0,0.00065632,4977.833868,4977.833868,4977.833868,4977.833868,0,0,0,0,0,0,0,0.0,0,0,0,0,1110.7940935,0.009287884,1110.7940935,HAHY7,HAHY7,XX,,New PB,306403.6605,HAHY7:XXNMMFNMCL0001,3867.0397744999996,3867.0397744999996,0,0,1.15853,BloombergBVAL,,2149429186,2088428191,1.154905,1461916275,,0,0,0,0,0,0,0.0,0,0,0,0,4977.833868,0.009699934,4977.833868,306403.6605,,,,0,0,4793.991671,Hybrid,EURUSD091626-900000011,TD 07/29/2026 VD 09/16/2026 SELL USD VS .BUY EUR @ 1.14228400,0,1.0,Sample Trader,0,,,,0,0,0,0,0,0,0,0.0,0,0,0,0,4977.833868,0.003986226,4977.833868,
BNPP-IPBFX-NMMF,129039.0,USD,,,,,,NMMF,,1200000.0023999999,PARIUK,DOL.C-USAA,,NMCL,0,0,0,0,0,0,0,0.0,0,0,0,0,630.360252,-0.054601059,630.360252,0,0,17152.10235,,FORWARD,12,,NMMF,,,,1.0,,,,,,,0,,1200000.0,0.001319197,17152.10235,17152.10235,17152.10235,17152.10235,0,0,0,0,0,0,0,0.0,0,0,0,0,3809.0698883999994,0.018578856,3809.0698883999994,HAHY7,HAHY7,XX,,New PB,1050600.42,HAHY7:XXNMMFNMCL0001,13343.032463999998,13343.032463999998,0,0,1.15853,BloombergBVAL,,2149429186,2088428191,1.154904,1461916275,,0,0,0,0,0,0,0.0,0,0,0,0,17152.10235,0.019496764,17152.10235,1050600.42,,,,0,0,16521.742098,Hybrid,EURUSD091626-900000012,TD 07/29/2026 VD 09/16/2026 SELL USD VS .BUY EUR @ 1.14220400,0,1.0,Sample Trader,0,,,,0,0,0,0,0,0,0,0.0,0,0,0,0,17152.10235,0.008012273,17152.10235,
BNPP-IPBFX-NMMF,128968.0,USD,,,,,,NMMF,,899999.9995500001,PARIUK,DOL.C-USAA,,NMCL,0,0,0,0,0,0,0,0.0,0,0,0,0,175.82529870000002,-0.020306372,175.82529870000002,0,0,15447.943053,,FORWARD,12,,NMMF,,,,1.0,,,,,,,0,,900000.0,0.00158417,15447.943053,15447.943053,15447.943053,15447.943053,0,0,0,0,0,0,0,0.0,0,0,0,0,3797.48736405,0.024696483,3797.48736405,HAHY7,HAHY7,XX,,New PB,676251.1489500001,HAHY7:XXNMMFNMCL0001,11650.4556885,11650.4556885,0,0,1.35371,BloombergBVAL,,2149429186,2088428191,1.348095,1461916275,,0,0,0,0,0,0,0.0,0,0,0,0,15447.943053,0.023412866,15447.943053,676251.1489500001,,,,0,0,15272.117752499998,Hybrid,GBPUSD091626-900000013,TD 07/24/2026 VD 09/16/2026 SELL USD VS .BUY GBP @ 1.33086650,0,1.0,Sample Trader,0,,,,0,0,0,0,0,0,0,0.0,0,0,0,0,15447.943053,0.00962161,15447.943053,
BNPP-IPBFX-NMMF,128963.0,USD,,,,,,NMMF,,1600000.004,PARIUK,DOL.C-USAA,,NMCL,0,0,0,0,0,0,0,0.0,0,0,0,0,312.50082240000006,-0.020301339,312.50082240000006,0,0,27059.56628,,FORWARD,12,,NMMF,,,,1.0,,,,,,,0,,1600000.0,0.001560898,27059.56628,27059.56628,27059.56628,27059.56628,0,0,0,0,0,0,0,0.0,0,0,0,0,6747.684621600001,0.024684031,6747.684621600001,HAHY7,HAHY7,XX,,New PB,1201926.24,HAHY7:XXNMMFNMCL0001,20311.881664,20311.881664,0,0,1.35371,BloombergBVAL,,2149429186,2088428191,1.348096,1461916275,,0,0,0,0,0,0,0.0,0,0,0,0,27059.56628,0.023068921,27059.56628,1201926.24,,,,0,0,26747.065456,Hybrid,GBPUSD091626-900000014,TD 07/24/2026 VD 09/16/2026 SELL USD VS .BUY GBP @ 1.33119650,0,1.0,Sample Trader,0,,,,0,0,0,0,0,0,0,0.0,0,0,0,0,27059.56628,0.009480264,27059.56628,
BNPP-IPBFX-NMMF,128943.0,USD,,,,,,NMMF,,500000.0,PARIUK,DOL.C-USAA,,NMCL,0,0,0,0,0,0,0,0.0,0,0,0,0,3951.1653375,-0.821388637,3951.1653375,0,0,33198.619325,,FORWARD,12,,NMMF,,,,1.0,,,,,,,0,,500000.0,0.006128068,33198.619325,33198.619325,33198.619325,33198.619325,0,0,0,0,0,0,0,0.0,0,0,0,0,42231.877825,0.494369503,42231.877825,HAHY7,HAHY7,XX,,New PB,120.6185,HAHY7:XXNMMFNMCL0001,-9033.2585,-9033.2585,0,0,4420.53764,BloombergBVAL,,2149429186,2088428191,4070.409941,1461916275,,0,0,0,0,0,0,0.0,0,0,0,0,33198.619325,0.090568348,33198.619325,120.6185,,,,0,0,29247.454,Hybrid,XAUUSD091626-900000015,TD 07/22/2026 VD 09/16/2026 SELL USD VS .BUY XAU @ 4145.30109394,0,1.0,Sample Trader,0,,,,0,0,0,0,0,0,0,0.0,0,0,0,0,33198.619325,0.037219422,33198.619325,
BNPP-IPBFX-NMMF,129011.0,USD,,,,,,NMMF,,499999.11255,PARIUK,DOL.C-USAA,,NMCL,0,0,0,0,0,0,0,0.0,0,0,0,0,4026.408813,-0.41851532,4026.408813,0,0,43353.40144,,FORWARD,12,,NMMF,,,,1.0,,,,,,,0,,499999.0,0.00400126,43353.40144,43353.40144,43353.40144,43353.40144,0,0,0,0,0,0,0,0.0,0,0,0,0,43077.65899,0.25213514,43077.65899,HAHY7,HAHY7,XX,,New PB,122.915482,HAHY7:XXNMMFNMCL0001,275.74245,275.74245,0,0,4420.53764,BloombergBVAL,,2149429186,2088428191,4070.071951,1461916275,,0,0,0,0,0,0,0.0,0,0,0,0,43353.40144,0.059135681,43353.40144,122.915482,,,,0,0,39326.99263,Hybrid,XAUUSD091626-900000016,TD 07/28/2026 VD 09/16/2026 SELL USD VS .BUY XAU @ 4067.82860129,0,1.0,Sample Trader,0,,,,0,0,0,0,0,0,0,0.0,0,0,0,0,43353.40144,0.024302043,43353.40144,
BNPP-IPBFX-NMMF,,USD,,,,EUR Curncy,EUR,NMMF,,0.0,PARIUK,EUR.C-EUAA,,NMCL,0,0,0,0,0,0,0,0.0,0,0,0,0,0.0,0.0,0.0,0,0,0.0,,CURRENCY,12,,NMMF,,,,,,IX378827-0,,European Union CCY,EU,Europe,0,,0.0,0.0,0.0,0.0,0.0,0.0,0,0,0,0,0,0,0,0.0,0,0,0,0,0.0,0.0,0.0,HAHY7,HAHY7,XX,,New PB,0.0,HAHY7:XXNMMFNMCL0001,0.0,0.0,0,0,1.0,BloombergBFIX,,2149429186,2088428191,1.0,1461916275,,0,0,0,0,0,0,0.0,0,0,0,0,-0.0008749999999999999,-1.71e-09,-0.0008749999999999999,0.0,,,,0,0,0.0,Hybrid,EUR.C-EUAA,EUROPEAN UNION EURO,0,,Sample Trader,0,,,,0,0,0,0,0,0,0,0.0,0,0,0,0,-0.0008749999999999999,-7.01e-10,-0.0008749999999999999,
BNPP-IPBFX-NMMF,,USD,,,,,,NMMF,,-5.9920458000000005,PARIUK,HKD.C-HKAA,,NMCL,0,0,0,0,0,0,0,0.0,0,0,0,0,0.0013524,-1.17e-07,0.0013524,0,0,-0.003549,,FORWARD,12,,NMMF,,,,0.127472,,,,,,,0,,-47.0,-2.73e-10,-0.003549,-0.027839999999999997,-0.003549,-0.027839999999999997,0,0,0,0,0,0,0,0.0,0,0,0,0,-0.003549,-1.73e-08,-0.003549,HAHY7,HAHY7,XX,,New PB,-6.0,HAHY7:XXNMMFNMCL0001,0.0,0.0,0,0,7.83908,BloombergBVAL,,2149429186,2088428191,,1461916275,,0,0,0,0,0,0,0.0,0,0,0,0,-0.003549,-4.03e-09,-0.003549,-6.0,,,,0,0,-0.004900799999999999,Hybrid,USDHKD090826-900000017,TD 08/05/2026 VD 09/08/2026 SELL USD VS .BUY HKD @ 7.83444000,0,1.0,Sample Trader,0,,,,0,0,0,0,0,0,0,0.0,0,0,0,0,-0.003549,-1.66e-09,-0.003549,
BNPP-IPBFX-NMMF,420816683.0,USD,,,,,,NMMF,,-372403.637415,PARIUK,IDR.C-IJAA,,NMCL,0,0,0,0,0,0,0,0.0,0,0,0,0,-592.3864035,0.068415746,-592.3864035,0,0,-592.3864035,,FORWARD,12,,NMMF,,,,5.6e-05,,,,,,,0,,-6639398249.0,-6.07e-05,-592.3864035,-10561360.9905,-592.3864035,-10561360.9905,0,0,0,0,0,0,0,0.0,0,0,0,0,-592.3864035,-0.003852511,-592.3864035,HAHY7,HAHY7,XX,,New PB,-372184.65,HAHY7:XXNMMFNMCL0001,0.0,0.0,0,0,17867.36667,BloombergBVAL,,2149429186,2088428191,,1461916275,,0,0,0,0,0,0,0.0,0,0,0,0,-592.3864035,-0.000897819,-592.3864035,-372184.65,,,,0,0,0.0,Hybrid,USDIDR091626-900000018,TD 08/17/2026 VD 09/16/2026 SELL USD VS .BUY IDR @ 17838.99000000,0,1.0,Sample Trader,0,,,,0,0,0,0,0,0,0,0.0,0,0,0,0,-592.3864035,-0.000368962,-592.3864035,
BNPP-IPBFX-NMMF,420816697.0,USD,,,,,,NMMF,,-641660.40416,PARIUK,IDR.C-IJAA,,NMCL,0,0,0,0,0,0,0,0.0,0,0,0,0,-1023.2178728000001,0.066472441,-1023.2178728000001,0,0,-1023.2178728000001,,FORWARD,12,,NMMF,,,,5.6e-05,,,,,,,0,,-11439842515.0,-5.9e-05,-1023.2178728000001,-18242439.84,-1023.2178728000001,-18242439.84,0,0,0,0,0,0,0,0.0,0,0,0,0,-1023.2178728000001,-0.003743083,-1023.2178728000001,HAHY7,HAHY7,XX,,New PB,-641285.6000000001,HAHY7:XXNMMFNMCL0001,0.0,0.0,0,0,17867.36667,BloombergBVAL,,2149429186,2088428191,,1461916275,,0,0,0,0,0,0,0.0,0,0,0,0,-1023.2178728000001,-0.000872317,-1023.2178728000001,-641285.6000000001,,,,0,0,0.0,Hybrid,USDIDR091626-900000019,TD 08/17/2026 VD 09/16/2026 SELL USD VS .BUY IDR @ 17838.92000000,0,1.0,Sample Trader,0,,,,0,0,0,0,0,0,0,0.0,0,0,0,0,-1023.2178728000001,-0.000358482,-1023.2178728000001,
BNPP-IPBFX-NMMF,128940.0,USD,,,,,,NMMF,,-889712.273,PARIUK,JPY.C-JPAA,,NMCL,0,0,0,0,0,0,0,0.0,0,0,0,0,-1240.692653,0.25792159,-1240.692653,0,0,16608.9137475,,FORWARD,12,,NMMF,,,,0.006266,,,,,,,0,,-141986512.0,0.003065807,16608.9137475,2650566.7175,16608.9137475,2650566.7175,0,0,0,0,0,0,0,0.0,0,0,0,0,-4448.6696775,-0.052076458,-4448.6696775,HAHY7,HAHY7,XX,,New PB,-875000.005,HAHY7:XXNMMFNMCL0001,21057.583425,3347629.325,0,0,159.24108,BloombergBVAL,,2149429186,2088428191,158.444437,1461916275,,0,0,0,0,0,0,0.0,0,0,0,0,16608.9137475,0.045310375,16608.9137475,-875000.005,,,,0,0,17849.6064,Hybrid,USDJPY091626-900000020,TD 07/22/2026 VD 09/16/2026 SELL USD VS .BUY JPY @ 162.27029909,0,1.0,Sample Trader,0,,,,0,0,0,0,0,0,0,0.0,0,0,0,0,16608.9137475,0.018620478,16608.9137475,
BNPP-IPBFX-NMMF,128941.0,USD,,,,,,NMMF,,-1779422.901,PARIUK,JPY.C-JPAA,,NMCL,0,0,0,0,0,0,0,0.0,0,0,0,0,-2481.383139,0.257921365,-2481.383139,0,0,33216.18165,,FORWARD,12,,NMMF,,,,0.006266,,,,,,,0,,-283972762.0,0.003065655,33216.18165,5300870.78,33216.18165,5300870.78,0,0,0,0,0,0,0,0.0,0,0,0,0,-8897.33494,-0.052076432,-8897.33494,HAHY7,HAHY7,XX,,New PB,-1750000.011,HAHY7:XXNMMFNMCL0001,42113.51659,6694996.3,0,0,159.24108,BloombergBVAL,,2149429186,2088428191,158.444437,1461916275,,0,0,0,0,0,0,0.0,0,0,0,0,33216.18165,0.04530813,33216.18165,-1750000.011,,,,0,0,35697.56479,Hybrid,USDJPY091626-900000021,TD 07/22/2026 VD 09/16/2026 SELL USD VS .BUY JPY @ 162.27014900,0,1.0,Sample Trader,0,,,,0,0,0,0,0,0,0,0.0,0,0,0,0,33216.18165,0.018619555,33216.18165,
BNPP-IPBFX-NMMF,129053.0,USD,,,,,,NMMF,,717376.6124,PARIUK,KRW.C-KSAA,,NMCL,0,0,0,0,0,0,0,0.0,0,0,0,0,14.361965099999999,-0.0021326,14.361965099999999,0,0,-17599.565899999998,,FORWARD,12,,NMMF,,,,0.000706,,,,,,,0,,1015822500.0,-0.002320478,-17599.565899999998,-24921407.7035,-17599.565899999998,-24921407.7035,0,0,0,0,0,0,0,0.0,0,0,0,0,-13480.553813999999,-0.112717404,-13480.553813999999,HAHY7,HAHY7,XX,,New PB,700000.03395,HAHY7:XXNMMFNMCL0001,-4119.012086,-5944311.1,0,0,1415.57292,BloombergBVAL,,2149429186,2088428191,1442.683057,1461916275,,0,0,0,0,0,0,0.0,0,0,0,0,-17599.565899999998,-0.034294963,-17599.565899999998,700000.03395,,,,0,0,-17613.9278665,Hybrid,USDKRW091626-900000022,TD 07/29/2026 VD 09/16/2026 SELL KRW VS .BUY USD @ 1451.17492927,0,1.0,Sample Trader,0,,,,0,0,0,0,0,0,0,0.0,0,0,0,0,-17599.565899999998,-0.014093651,-17599.565899999998,
BNPP-IPBFX-NMMF,129077.0,USD,,,,,,NMMF,,1229684.2428,PARIUK,KRW.C-KSAA,,NMCL,0,0,0,0,0,0,0,0.0,0,0,0,0,24.6147702,-0.002132102,24.6147702,0,0,-30066.469836,,FORWARD,12,,NMMF,,,,0.000706,,,,,,,0,,1741262400.0,-0.002312463,-30066.469836,-42574842.882,-30066.469836,-42574842.882,0,0,0,0,0,0,0,0.0,0,0,0,0,-23107.150848,-0.112705844,-23107.150848,HAHY7,HAHY7,XX,,New PB,1200000.0378,HAHY7:XXNMMFNMCL0001,-6959.318988,-10043271.6,0,0,1415.57292,BloombergBVAL,,2149429186,2088428191,1442.682562,1461916275,,0,0,0,0,0,0,0.0,0,0,0,0,-30066.469836,-0.034176503,-30066.469836,1200000.0378,,,,0,0,-30091.084607999997,Hybrid,USDKRW091626-900000023,TD 07/29/2026 VD 09/16/2026 SELL KRW VS .BUY USD @ 1451.05195463,0,1.0,Sample Trader,0,,,,0,0,0,0,0,0,0,0.0,0,0,0,0,-30066.469836,-0.014044969,-30066.469836,
BNPP-IPBFX-NMMF,420815425.0,USD,,,,,,NMMF,,-1382124.5478,PARIUK,MXN.C-MMAA,,NMCL,0,0,0,0,0,0,0,0.0,0,0,0,0,-870.14198205,0.100494225,-870.14198205,0,0,28832.341810500002,,FORWARD,12,,NMMF,,,,0.058664,,,,,,,0,,-23559930.0,0.002956725,28832.341810500002,491481.0,28832.341810500002,491481.0,0,0,0,0,0,0,0,0.0,0,0,0,0,23665.173534,0.15390349,23665.173534,HAHY7,HAHY7,XX,,New PB,-1350000.0,HAHY7:XXNMMFNMCL0001,5167.1682765000005,89500.005,0,0,17.08774,BloombergBVAL,,2149429186,2088428191,17.385504,1461916275,,0,0,0,0,0,0,0.0,0,0,0,0,28832.341810500002,0.043698229,28832.341810500002,-1350000.0,,,,0,0,29702.483793,Hybrid,USDMXN091726-900000024,TD 07/30/2026 VD 09/17/2026 SELL USD VS .BUY MXN @ 17.45180000,0,1.0,Sample Trader,0,,,,0,0,0,0,0,0,0,0.0,0,0,0,0,28832.341810500002,0.01795796,28832.341810500002,
BNPP-IPBFX-NMMF,420815837.0,USD,,,,,,NMMF,,-812205.0176,PARIUK,MXN.C-MMAA,,NMCL,0,0,0,0,0,0,0,0.0,0,0,0,0,-510.7707656,0.033181769,-510.7707656,0,0,10254.080536000001,,FORWARD,12,,NMMF,,,,0.058664,,,,,,,0,,-13844985.0,0.000591494,10254.080536000001,174792.80000000002,10254.080536000001,174792.80000000002,0,0,0,0,0,0,0,0.0,0,0,0,0,10254.080536000001,0.037510947,10254.080536000001,HAHY7,HAHY7,XX,,New PB,-800000.0,HAHY7:XXNMMFNMCL0001,0.0,0.0,0,0,17.08774,BloombergBVAL,,2149429186,2088428191,,1461916275,,0,0,0,0,0,0,0.0,0,0,0,0,10254.080536000001,0.008741846,10254.080536000001,-800000.0,,,,0,0,10764.851304000002,Hybrid,USDMXN091726-900000025,TD 08/06/2026 VD 09/17/2026 SELL USD VS .BUY MXN @ 17.30623100,0,1.0,Sample Trader,0,,,,0,0,0,0,0,0,0,0.0,0,0,0,0,10254.080536000001,0.003592496,10254.080536000001,
BNPP-IPBFX-NMMF,128978.0,USD,,,,,,NMMF,,-764954.584,PARIUK,NOK.C-NOAA,,NMCL,0,0,0,0,0,0,0,0.0,0,0,0,0,2139.351889,-0.444739509,2139.351889,0,0,14695.905245,,FORWARD,12,,NMMF,,,,0.106125,,,,,,,0,,-7208075.0,0.002712688,14695.905245,138477.751625,14695.905245,138477.751625,0,0,0,0,0,0,0,0.0,0,0,0,0,4989.2069425,0.058404028,4989.2069425,HAHY7,HAHY7,XX,,New PB,-749999.99975,HAHY7:XXNMMFNMCL0001,9706.698305,92034.059975,0,0,9.42613,BloombergBVAL,,2149429186,2088428191,9.488055,1461916275,,0,0,0,0,0,0,0.0,0,0,0,0,14695.905245,0.040091543,14695.905245,-749999.99975,,,,0,0,12556.5533575,Hybrid,USDNOK091626-900000026,TD 07/24/2026 VD 09/16/2026 SELL USD VS .BUY NOK @ 9.61076700,0,1.0,Sample Trader,0,,,,0,0,0,0,0,0,0,0.0,0,0,0,0,14695.905245,0.016475778,14695.905245,
BNPP-IPBFX-NMMF,420815413.0,USD,,,,,,NMMF,,-1524352.5865,PARIUK,NOK.C-NOAA,,NMCL,0,0,0,0,0,0,0,0.0,0,0,0,0,4263.302594,-0.44313867,4263.302594,0,0,23835.22872,,FORWARD,12,,NMMF,,,,0.106125,,,,,,,0,,-14363792.0,0.002199849,23835.22872,224596.5,23835.22872,224596.5,0,0,0,0,0,0,0,0.0,0,0,0,0,9916.525455,0.058041792,9916.525455,HAHY7,HAHY7,XX,,New PB,-1500000.0,HAHY7:XXNMMFNMCL0001,13918.703265,131970.185,0,0,9.42613,BloombergBVAL,,2149429186,2088428191,9.487881,1461916275,,0,0,0,0,0,0,0.0,0,0,0,0,23835.22872,0.032512155,23835.22872,-1500000.0,,,,0,0,19571.926125,Hybrid,USDNOK091626-900000027,TD 07/30/2026 VD 09/16/2026 SELL USD VS .BUY NOK @ 9.57586100,0,1.0,Sample Trader,0,,,,0,0,0,0,0,0,0,0.0,0,0,0,0,23835.22872,0.013360999,23835.22872,
BNPP-IPBFX-NMMF,128979.0,USD,,,,,,NMMF,,1070812.2603499999,PARIUK,SEK.C-SSAA,,NMCL,0,0,0,0,0,0,0,0.0,0,0,0,0,-379.4393840999999,0.056342726,-379.4393840999999,0,0,-22396.0570855,,FORWARD,12,,NMMF,,,,0.10504,,,,,,,0,,10194304.0,-0.002952889,-22396.0570855,-213214.04681499998,-22396.0570855,-213214.04681499998,0,0,0,0,0,0,0,0.0,0,0,0,0,603.61239575,0.005047094,603.61239575,HAHY7,HAHY7,XX,,New PB,1050000.00035,HAHY7:XXNMMFNMCL0001,-22999.669479499997,-218991.352965,0,0,9.5058,BloombergBVAL,,2149429186,2088428191,9.500298,1461916275,,0,0,0,0,0,0,0.0,0,0,0,0,-22396.0570855,-0.043641529,-22396.0570855,1050000.00035,,,,0,0,-22016.6177,Hybrid,USDSEK091626-900000028,TD 07/24/2026 VD 09/16/2026 SELL SEK VS .BUY USD @ 9.70886100,0,1.0,Sample Trader,0,,,,0,0,0,0,0,0,0,0.0,0,0,0,0,-22396.0570855,-0.017934659,-22396.0570855,
BNPP-IPBFX-NMMF,129079.0,USD,,,,,,NMMF,,1827539.9531999999,PARIUK,SEK.C-SSAA,,NMCL,0,0,0,0,0,0,0,0.0,0,0,0,0,-647.1947975999999,0.056059247,-647.1947975999999,0,0,-30255.032897999998,,FORWARD,12,,NMMF,,,,0.10504,,,,,,,0,,17398473.0,-0.002326965,-30255.032897999998,-288032.754,-30255.032897999998,-288032.754,0,0,0,0,0,0,0,0.0,0,0,0,0,1052.9544936,0.005135818,1052.9544936,HAHY7,HAHY7,XX,,New PB,1800000.0006000001,HAHY7:XXNMMFNMCL0001,-31307.987387999998,-298099.00194,0,0,9.5058,BloombergBVAL,,2149429186,2088428191,9.500208,1461916275,,0,0,0,0,0,0,0.0,0,0,0,0,-30255.032897999998,-0.034390842,-30255.032897999998,1800000.0006000001,,,,0,0,-29607.838097999997,Hybrid,USDSEK091626-900000029,TD 07/29/2026 VD 09/16/2026 SELL SEK VS .BUY USD @ 9.66581820,0,1.0,Sample Trader,0,,,,0,0,0,0,0,0,0,0.0,0,0,0,0,-30255.032897999998,-0.014133053,-30255.032897999998,
BNPP-IPBFX-NMMF,128971.0,USD,,,,,,NMMF,,1360507.2174,PARIUK,SGD.C-SPAA,,NMCL,0,0,0,0,0,0,0,0.0,0,0,0,0,-1087.9721617500002,0.125651815,-1087.9721617500002,0,0,-13010.444784,,FORWARD,12,,NMMF,,,,0.782381,,,,,,,0,,1738932.0,-0.001334207,-13010.444784,-16629.3,-13010.444784,-16629.3,0,0,0,0,0,0,0,0.0,0,0,0,0,-2845.7438526,-0.018506938,-2845.7438526,HAHY7,HAHY7,XX,,New PB,1350000.0,HAHY7:XXNMMFNMCL0001,-10164.7009305,-13034.196004500001,0,0,1.27578,BloombergBVAL,,2149429186,2088428191,1.278443,1461916275,,0,0,0,0,0,0,0.0,0,0,0,0,-13010.444784,-0.019718599,-13010.444784,1350000.0,,,,0,0,-11922.47262,Hybrid,USDSGD091626-900000030,TD 07/24/2026 VD 09/16/2026 SELL SGD VS .BUY USD @ 1.28809800,0,1.0,Sample Trader,0,,,,0,0,0,0,0,0,0,0.0,0,0,0,0,-13010.444784,-0.008103437,-13010.444784,
BNPP-IPBFX-NMMF,128965.0,USD,,,,,,NMMF,,2418379.0632,PARIUK,SGD.C-SPAA,,NMCL,0,0,0,0,0,0,0,0.0,0,0,0,0,-1933.9050096,0.125634422,-1933.9050096,0,0,-22829.245392,,FORWARD,12,,NMMF,,,,0.782381,,,,,,,0,,3091051.0,-0.001316877,-22829.245392,-29179.2,-22829.245392,-29179.2,0,0,0,0,0,0,0,0.0,0,0,0,0,-5057.7242192,-0.018501905,-5057.7242192,HAHY7,HAHY7,XX,,New PB,2400000.0,HAHY7:XXNMMFNMCL0001,-17771.521176000002,-22788.4216,0,0,1.27578,BloombergBVAL,,2149429186,2088428191,1.278443,1461916275,,0,0,0,0,0,0,0.0,0,0,0,0,-22829.245392,-0.019462472,-22829.245392,2400000.0,,,,0,0,-20895.340384000003,Hybrid,USDSGD091626-900000031,TD 07/24/2026 VD 09/16/2026 SELL SGD VS .BUY USD @ 1.28793800,0,1.0,Sample Trader,0,,,,0,0,0,0,0,0,0,0.0,0,0,0,0,-22829.245392,-0.00799818,-22829.245392,
BNPP-IPBFX-NMMF,420815435.0,USD,,,,,,NMMF,,-509589.41125,PARIUK,TWD.C-TTAA,,NMCL,0,0,0,0,0,0,0,0.0,0,0,0,0,3216.9261375,-0.668751204,3216.9261375,0,0,11402.54168,,FORWARD,12,,NMMF,,,,0.03141,,,,,,,0,,-16223900.0,0.002104773,11402.54168,363025.0,11402.54168,363025.0,0,0,0,0,0,0,0,0.0,0,0,0,0,8970.6882125,0.105011543,8970.6882125,HAHY7,HAHY7,XX,,New PB,-500000.0,HAHY7:XXNMMFNMCL0001,2431.85346825,78565.89,0,0,31.72175,BloombergBVAL,,2149429186,2088428191,32.290668,1461916275,,0,0,0,0,0,0,0.0,0,0,0,0,11402.54168,0.031106997,11402.54168,-500000.0,,,,0,0,8185.615545,Hybrid,USDTWD091626-900000032,TD 07/30/2026 VD 09/16/2026 SELL USD VS .BUY TWD @ 32.44780000,0,1.0,Sample Trader,0,,,,0,0,0,0,0,0,0,0.0,0,0,0,0,11402.54168,0.012783544,11402.54168,
BNPP-IPBFX-NMMF,420815433.0,USD,,,,,,NMMF,,-509664.2135,PARIUK,TWD.C-TTAA,,NMCL,0,0,0,0,0,0,0,0.0,0,0,0,0,3217.380577,-0.334422838,3217.380577,0,0,11477.344115,,FORWARD,12,,NMMF,,,,0.03141,,,,,,,0,,-16226282.0,0.00105929,11477.344115,365406.5,11477.344115,365406.5,0,0,0,0,0,0,0,0.0,0,0,0,0,8972.06012,0.052513802,8972.06012,HAHY7,HAHY7,XX,,New PB,-500000.0,HAHY7:XXNMMFNMCL0001,2505.283994,80938.21,0,0,31.72175,BloombergBVAL,,2149429186,2088428191,32.290687,1461916275,,0,0,0,0,0,0,0.0,0,0,0,0,11477.344115,0.015655532,11477.344115,-500000.0,,,,0,0,8259.963535,Hybrid,USDTWD091626-900000033,TD 07/30/2026 VD 09/16/2026 SELL USD VS .BUY TWD @ 32.45256300,0,1.0,Sample Trader,0,,,,0,0,0,0,0,0,0,0.0,0,0,0,0,11477.344115,0.006433703,11477.344115,
BNPP-IPBFX-NMMF,,USD,,,,XAU Curncy,XAU,NMMF,,0.0,PARIUK,XAU.C-XAAA,,NMCL,0,0,0,0,0,0,0,0.0,0,0,0,0,0.0,0.0,0.0,0,0,0.0,,CURRENCY,12,,NMMF,,,,,,IX940869-0,,,XA,Unknown,0,,0.0,0.0,0.0,0.0,0.0,0.0,0,0,0,0,0,0,0,0.0,0,0,0,0,0.0,0.0,0.0,HAHY7,HAHY7,XX,,New PB,0.0,HAHY7:XXNMMFNMCL0001,0.0,0.0,0,0,1.0,,,2149429186,2088428191,1.0,1461916275,,0,0,0,0,0,0,0.0,0,0,0,0,9580.724999999999,0.018669245,9580.724999999999,0.0,,,,0,0,0.0,Hybrid,XAU.C-XAAA,GOLD SPOT,0,,Sample Trader,0,,,,0,0,0,0,0,0,0,0.0,0,0,0,0,9580.724999999999,0.0076722,9580.724999999999,
BNPP-IPBFX-NMMF,128955.0,USD,,,,,,NMMF,,-1218662.9519999998,PARIUK,ZAR.C-SJAA,,NMCL,0,0,0,0,0,0,0,0.0,0,0,0,0,-2052.490527,0.1777843,-2052.490527,0,0,16257.418751999998,,FORWARD,12,,NMMF,,,,0.061586,,,,,,,0,,-19788113.0,0.001250385,16257.418751999998,263980.81242,16257.418751999998,263980.81242,0,0,0,0,0,0,0,0.0,0,0,0,0,22937.456148,0.111878153,22937.456148,HAHY7,HAHY7,XX,,New PB,-1199999.9994,HAHY7:XXNMMFNMCL0001,-6680.037396,-110402.98206,0,0,16.27011,BloombergBVAL,,2149429186,2088428191,16.582096,1461916275,,0,0,0,0,0,0,0.0,0,0,0,0,16257.418751999998,0.018479779,16257.418751999998,-1199999.9994,,,,0,0,18309.909281999997,Hybrid,USDZAR091626-900000034,TD 07/23/2026 VD 09/16/2026 SELL USD VS .BUY ZAR @ 16.49009401,0,1.0,Sample Trader,0,,,,0,0,0,0,0,0,0,0.0,0,0,0,0,16257.418751999998,0.007594338,16257.418751999998,
BNPP-IPBFX-NMMF,420815495.0,USD,,,,,,NMMF,,-458227.8126,PARIUK,ZAR.C-SJAA,,NMCL,0,0,0,0,0,0,0,0.0,0,0,0,0,-771.9348789000001,0.089152114,-771.9348789000001,0,0,7325.7373665000005,,FORWARD,12,,NMMF,,,,0.061586,,,,,,,0,,-7440502.0,0.000751246,7325.7373665000005,118952.1,7325.7373665000005,118952.1,0,0,0,0,0,0,0,0.0,0,0,0,0,8632.388997,0.05613966,8632.388997,HAHY7,HAHY7,XX,,New PB,-450000.0,HAHY7:XXNMMFNMCL0001,-1306.65163095,-21595.4235,0,0,16.27011,BloombergBVAL,,2149429186,2088428191,16.582438,1461916275,,0,0,0,0,0,0,0.0,0,0,0,0,7325.7373665000005,0.01110287,7325.7373665000005,-450000.0,,,,0,0,8097.6722445,Hybrid,USDZAR091626-900000035,TD 07/31/2026 VD 09/16/2026 SELL USD VS .BUY ZAR @ 16.53444800,0,1.0,Sample Trader,0,,,,0,0,0,0,0,0,0,0.0,0,0,0,0,7325.7373665000005,0.004562769,7325.7373665000005,
GSCO-DRV-NMMF,,USD,,,,USD Curncy,USD,NMMF,,-1446.4,GSCOUS,DOL.C-USAA,,NMCL,0,0,0,0,0,0,0,0.0,0,0,0,0,0.0,0.0,0.0,0,0,-1446.4,,CURRENCY,12,,NMMF,,,,1.0,,IX244867-0,,United States CCY,US,North America,0,,-1446.4,-8.34e-05,-1446.4,-1446.4,-1446.4,-1446.4,0,0,0,0,0,0,0,-1446.4,0,0,0,0,-1446.4,-0.005291146,0.0,HAHY7,HAHY7,XX,,New PB,-1446.4,HAHY7:XXNMMFNMCL0001,0.0,0.0,0,0,1.0,BloombergBFIX,,2149429186,2088428191,,1461916275,,0,0,0,0,0,0,-1446.4,0,0,0,0,-1446.4,-0.00123309,0.0,-1446.4,,,,0,0,-1446.4,Hybrid,DOL.C-USAA,UNITED STATES DOLLARS,0,1.0,Sample Trader,0,,,,0,0,0,0,0,0,0,-1446.4,0,0,0,0,-1446.4,-0.000506743,0.0,
GSCO-DRV-NMMF,420816133.0,USD,,,,,,NMMF,,0.0,GSCOUS,DOL.C-USAA,,NMCL,0,0,0,0,0,0,0,0.0,0,0,0,0,-4111.52164,0.854724333,-4111.52164,0,0,33586.3447,,INTEREST_RATE_SWAP,12,,NMMF,,,,1.0,,,,,US,North America,0,,0.0,0.006199637,33586.3447,33586.3447,33586.3447,33586.3447,0,0,0,0,0,0,0,0.0,0,0,0,0,33586.3447,0.393164249,33586.3447,HAHY7,HAHY7,XX,,New PB,156250000.0,HAHY7:XXNMMFNMCL0001,0.0,0.0,0,0,214.952606,Markit,,2149429186,2088428191,,1461916275,,0,0,0,0,0,0,0.0,0,0,0,0,33586.3447,0.091626092,33586.3447,156.25,,,,0,0,37697.86635,Hybrid,IRSOIS-USD-90000001,IRS NA 11/11/2026 02/11/2027 3.98000000 USD,0,1.0,Sample Trader,0,,,,0,0,0,0,0,0,0,0.0,0,0,0,0,33586.3447,0.037654106,33586.3447,
GSIL-FUT-NMMF,,USD,,,,USD Curncy,USD,NMMF,,-25.143538,GSILUK,DOL.C-USAA,,NMCL,0,0,0,0,0,0,0,0.0,0,0,0,0,0.0,0.0,0.0,0,0,-25.143538,,CURRENCY,12,,NMMF,,,,1.0,,IX244867-0,,United States CCY,US,North America,0,,-25.143538,-2.32e-06,-25.143538,-25.143538,-25.143538,-25.143538,0,0,0,0,0,0,0,0.0,0,0,0,0,0.0,0.0,0.0,HAHY7,HAHY7,XX,,New PB,-25.143538,HAHY7:XXNMMFNMCL0001,-12.993538,-12.993538,0,0,1.0,BloombergBFIX,,2149429186,2088428191,1.0,1461916275,,0,0,0,0,0,0,-3.763538,0,0,0,0,-3.763538,-5.13e-06,0.0,-25.143538,,,,0,0,-25.143538,Hybrid,DOL.C-USAA,UNITED STATES DOLLARS,0,1.0,Sample Trader,0,,,,0,0,0,0,0,0,0,-3.763538,0,0,0,0,-3.763538,-2.11e-06,0.0,
GSIL-FUT-NMMF,,USD,,Diversified,,ESU6 Index,ESU6,NMMF,,3790546.296296296,GSILUK,DOL.C-USAA,,NMCL,0,0,0,0,0,0,0,0.0,0,0,0,0,-18125.0,2.543345001,-18125.0,0,0,93828.7037037037,,FUTURES,12,,NMMF,,,CME S & P 500 EMINI FUTR,1.0,BBG01HZQ8JX9,IX59103269-0,,,US,North America,0,,3790546.296296296,0.011690768,93828.7037037037,93828.7037037037,93828.7037037037,93828.7037037037,0,0,0,0,0,0,0,-9.0,0,0,0,0,82819.70370370371,0.654408188,82828.7037037037,HAHY7,HAHY7,XX,,New PB,0.0,HAHY7:XXNMMFNMCL0001,11000.0,11000.0,0,0,7768.75,Bloomberg,,2149429186,2088428191,7519.25,1461916275,,0,0,0,0,0,0,-15.837037037037035,0,0,0,0,93812.86666666665,0.172751809,93828.7037037037,10.0,,,,0,0,111953.7037037037,Hybrid,ESU6-USAA,S&P500 EMINI FUT  Sep26,0,50.0,Sample Trader,0,,,US78378X1072,0,0,0,0,0,0,0,-15.837037037037035,0,0,0,0,93812.86666666665,0.070993041,93828.7037037037,
HOLD-BOX-NMMF,,USD,,,,USD Curncy,USD,NMMF,,-17874.471852,HLDBOX,DOL.C-USAA,,NMCL,0,0,0,0,0,0,0,-663.3553068,0,0,0,0,-663.3553068,0.057459052,0.0,0,0,-17874.471852,,CURRENCY,12,,NMMF,,,,1.0,,IX244867-0,,United States CCY,US,North America,0,,-17874.471852,-0.001374756,-17874.471852,-17874.471852,-17874.471852,-17874.471852,0,0,0,0,0,0,0,-9938.312339999999,0,0,0,0,-9938.312339999999,-0.048474426,0.0,HACA,HACA,XX,,,-17874.471852,HACA:XXNMMFNMCL0001,-7936.159512,-7936.159512,0,0,1.0,BloombergBFIX,,2149429186,2088428191,1.0,1461916275,,0,0,0,0,0,0,-17874.471852,0,0,0,0,-17874.471852,-0.02031788,0.0,-17874.471852,,,,0,0,-17211.116544,Cash Adj,DOL.C-USAA,UNITED STATES DOLLARS,0,1.0,Sample Trader,0,,,,0,0,0,0,0,0,0,-17874.471852,0,0,0,0,-17874.471852,-0.008349714,0.0,
UBSI-ISD-NMMF,,USD,,,,USD Curncy,USD,NMMF,,0.0,UBSISW,DOL.C-USAA,,NMCL,0,0,0,0,0,0,0,0.0,0,0,0,0,0.0,0.0,0.0,0,0,0.0,,CURRENCY,12,,NMMF,,,,,,IX244867-0,,United States CCY,US,North America,0,,0.0,0.0,0.0,0.0,0.0,0.0,0,0,0,0,0,0,0,0.0,0,0,0,0,0.0002637,1.71e-09,0.0002637,HAHY7,HAHY7,XX,,New PB,0.0,HAHY7:XXNMMFNMCL0001,0.0,0.0,0,0,1.0,BloombergBFIX,,2149429186,2088428191,,1461916275,,0,0,0,0,0,0,0.0,0,0,0,0,0.0002637,4e-10,0.0002637,0.0,,,,0,0,0.0,Hybrid,DOL.C-USAA,UNITED STATES DOLLARS,0,,Sample Trader,0,,,,0,0,0,0,0,0,0,0.0,0,0,0,0,0.0002637,1.64e-10,0.0002637,
UBSI-ISD-NMMF,,USD,,,,HKD Curncy,HKD,NMMF,,0.0,UBSISW,HKD.C-HKAA,,NMCL,0,0,0,0,0,0,0,0.0,0,0,0,0,0.0,0.0,0.0,0,0,0.0,,CURRENCY,12,,NMMF,,,,,,IX207957-0,,Hong Kong CCY,HK,Asia,0,,0.0,0.0,0.0,0.0,0.0,0.0,0,0,0,0,0,0,0,0.0,0,0,0,0,0.0030584,1.12e-08,0.0030584,HAHY7,HAHY7,XX,,New PB,0.0,HAHY7:XXNMMFNMCL0001,0.0,0.0,0,0,1.0,BloombergBFIX,,2149429186,2088428191,,1461916275,,0,0,0,0,0,0,0.0,0,0,0,0,0.0030584,2.61e-09,0.0030584,0.0,,,,0,0,0.0,Hybrid,HKD.C-HKAA,HONG KONG DOLLAR,0,,Sample Trader,0,,,,0,0,0,0,0,0,0,0.0,0,0,0,0,0.0030584,1.07e-09,0.0030584,
